-- phpMyAdmin SQL Dump
-- version 5.2.0
-- https://www.phpmyadmin.net/
--
-- Host: 127.0.0.1
-- Generation Time: Jun 03, 2023 at 12:02 PM
-- Server version: 10.4.27-MariaDB
-- PHP Version: 8.2.0

SET SQL_MODE = "NO_AUTO_VALUE_ON_ZERO";
START TRANSACTION;
SET time_zone = "+00:00";


/*!40101 SET @OLD_CHARACTER_SET_CLIENT=@@CHARACTER_SET_CLIENT */;
/*!40101 SET @OLD_CHARACTER_SET_RESULTS=@@CHARACTER_SET_RESULTS */;
/*!40101 SET @OLD_COLLATION_CONNECTION=@@COLLATION_CONNECTION */;
/*!40101 SET NAMES utf8mb4 */;

--
-- Database: `studybuddy`
--

-- --------------------------------------------------------

--
-- Table structure for table `answer`
--

CREATE TABLE `answer` (
  `id` int(10) NOT NULL,
  `answer` varchar(255) NOT NULL
) ENGINE=InnoDB DEFAULT CHARSET=utf8 COLLATE=utf8_general_ci;

--
-- Dumping data for table `answer`
--

INSERT INTO `answer` (`id`, `answer`) VALUES
(1, 'Не е известен.'),
(2, 'С откриването на Америка.'),
(3, 'С откриването на морски път до Индия.'),
(4, 'С извършването на първото околосветско плаване.'),
(5, 'Природни обекти (планини, реки, гори и др.) и обекти, създадени от човека (страни, градове, пътища и др.)'),
(6, 'Българската история'),
(7, 'Стопанството на България и света'),
(8, 'Видимата част на земната повърхност'),
(9, 'Невидимата част на земната повърхност'),
(10, 'Линията, по която земната повърхност и небето се \"допират\"'),
(11, 'Слънце, компас, карта и местни признаци'),
(12, 'Вятър, компас и карта'),
(13, 'Звук, Слънце и местни признаци');

-- --------------------------------------------------------

--
-- Table structure for table `exam`
--

CREATE TABLE `exam` (
  `id` int(10) NOT NULL,
  `subject_id` int(10) NOT NULL
) ENGINE=InnoDB DEFAULT CHARSET=utf8 COLLATE=utf8_general_ci;

--
-- Dumping data for table `exam`
--

INSERT INTO `exam` (`id`, `subject_id`) VALUES
(1, 1);

-- --------------------------------------------------------

--
-- Table structure for table `exam_question_answer`
--

CREATE TABLE `exam_question_answer` (
  `exam_id` int(10) NOT NULL,
  `qa_id` int(10) NOT NULL
) ENGINE=InnoDB DEFAULT CHARSET=utf8 COLLATE=utf8_general_ci;

--
-- Dumping data for table `exam_question_answer`
--

INSERT INTO `exam_question_answer` (`exam_id`, `qa_id`) VALUES
(1, 1),
(1, 2),
(1, 3),
(1, 4),
(1, 5),
(1, 6),
(1, 7),
(1, 8),
(1, 9),
(1, 10),
(1, 11),
(1, 12),
(1, 13),
(1, 14),
(1, 15),
(1, 16),
(1, 17),
(1, 18),
(1, 19),
(1, 20),
(1, 21);

-- --------------------------------------------------------

--
-- Table structure for table `grade`
--

CREATE TABLE `grade` (
  `id` int(10) NOT NULL,
  `grade` int(2) NOT NULL
) ENGINE=InnoDB DEFAULT CHARSET=utf8 COLLATE=utf8_general_ci;

--
-- Dumping data for table `grade`
--

INSERT INTO `grade` (`id`, `grade`) VALUES
(1, 5),
(2, 6),
(3, 7);

-- --------------------------------------------------------

--
-- Table structure for table `lesson`
--

CREATE TABLE `lesson` (
  `id` int(10) NOT NULL,
  `number` int(2) NOT NULL,
  `name` varchar(100) NOT NULL,
  `subject_id` int(10) NOT NULL
) ENGINE=InnoDB DEFAULT CHARSET=utf8 COLLATE=utf8_general_ci;

--
-- Dumping data for table `lesson`
--

INSERT INTO `lesson` (`id`, `number`, `name`, `subject_id`) VALUES
(1, 1, 'Географията - древна и съвременна наука', 1),
(2, 2, 'Ориентиране в природата', 1),
(3, 3, 'Географски глобус и географска карта', 1),
(4, 1, 'Географско положение, големина, брегове и опознаване на Южна Америка', 4),
(5, 2, 'Релеф и полезни изкопаеми', 4),
(6, 3, 'Климат, климатични пояси и области', 4),
(7, 1, 'Географско положение, граници, големина и брегове', 7),
(8, 2, 'Релеф на Европа', 7),
(9, 3, 'Полезни изкопаеми', 7),
(10, 1, 'Историята и нейните източници', 2),
(11, 2, 'Времето в историята', 2),
(12, 3, 'Началото на човешката история', 2),
(13, 1, 'Увод в историята на средните векове', 5),
(14, 2, 'Великото преселение на народите', 5),
(15, 3, 'Могъществото на Византия', 5),
(16, 1, 'Новото време и българите', 8),
(17, 2, 'Първи будители: Паисий Хилендарски и Софроний Врачански', 8),
(18, 3, 'Новото българско училище', 8),
(19, 1, 'Въведение в ИТ и компютърните системи. Диалог на потребителите с компютърни приложения', 3),
(20, 2, 'Носители на информация и устройства за достъп до носители на информация', 3),
(21, 3, 'Организация на данните', 3),
(22, 1, 'Основни единици за измерване на информация', 6),
(23, 2, 'Операционна система. Файлова структура на организация на данните', 6),
(24, 3, 'Носители на информация и файлови формати', 6),
(25, 1, 'Основни технически параметри на компонентите на компютърната система', 9),
(26, 2, 'Средства и методи за защита на информация', 9),
(27, 3, 'Създаване на видеоклип, съдържащ графична и звукова информация', 9);

-- --------------------------------------------------------

--
-- Table structure for table `lesson_content`
--

CREATE TABLE `lesson_content` (
  `id` int(10) NOT NULL,
  `content` varchar(4090) NOT NULL,
  `content_description` varchar(256) DEFAULT NULL,
  `content_type_id` int(10) NOT NULL,
  `lesson_id` int(10) NOT NULL
) ENGINE=InnoDB DEFAULT CHARSET=utf8 COLLATE=utf8_general_ci;

--
-- Dumping data for table `lesson_content`
--

INSERT INTO `lesson_content` (`id`, `content`, `content_description`, `content_type_id`, `lesson_id`) VALUES
(1, '**Науката география.** Думата география произлиза от думите гео (земя) и графо (пиша) и означава земеописание. Географията ни запознава с природата на Земята, с хората, които я населяват, с техния живот и стопанска дейност. Тя изучава природни обекти (планини, реки, гори и др.) и обекти, създадени от човека (страни, градове, пътища и др.) (фиг. 1). В древността географията описва познатите тогава земи и народи. Днес тя не само описва, но и обяснява изучаваните географски обекти. Географската информация се обработва с компютри и се изобразява на карти.\r\n\r\n**Великите географски открития.** Времето от XV до XVIII в. е епохата на Великите географски открития. Тогава европейците откриват и опознават много неизвестни за тях земи и морета. Тези открития се извършват благодарение на развитието на науката, търговията, корабоплаването и на стремежа на хората да опознаят света. Търсенето на нови пътища към Индия – страна на приказни богатства, отвежда смели мореплаватели до непознати земи и народи (фиг. 2).\r\n*Откриването на Америка.* През 1492 г. Христофор Колумб (фиг. 3) потегля от Испания да търси морски път за Индия. Корабите му прекосяват Атлантическия океан и достигат непозната земя. До края на живота си Колумб не разбира, че е откривател на континента Америка.\r\n*Откриването на морски път до Индия.* Португалският мореплавател Вашку да Гама (фиг. 3) решава да стигне до Индия по друг път. През 1498 г. корабите му заобикалят от юг континента Африка и достигат бреговете на Индия. Така те установяват, че Атлантическият и Индийският океан са свързани помежду си.\r\n*Първото околосветско плаване.* През 1519 г. Фернандо Магелан (фиг. 3) повежда експедиция на тригодишно опасно плаване. Корабите му тръгват от Испания и прекосяват Атлантическия океан. Те плават на юг покрай брега на Америка и навлизат в непознат океан. Той е наречен от Магелан Тихи океан. След тежко плаване експедицията достига острови близо до континента Азия. Там Магелан загива в битка с местни жители. В резултат от околосветското плаване европейците научават, че съществува огромен и непознат за тях океан. Експедицията тръгва на запад, обикаля Земята и се връща в Испания от изток. Това е доказателство, че Земята има кълбовидна форма.\r\n\r\n**Географията и хората.** Науката география създава точна и вярна представа за света. Географските знания са необходими в борбата с природните бедствия, глада и бедността. Географската информация е важна при изграждането на селища, пътища, предприятия. Географията е полезна за живота и трудовата дейност на всеки човек. Великите географски открития променят не само представите на европейците за света – те променят и самия свят. Европейците научават за удивителната природа на далечни земи, за бита и културата на непознати народи. Благодарение на смелите експедиции се засилват връзките между различни части на света. Започва завладяване от европейците на новооткритите земи, преселване към тях на големи групи хора, бързо развитие на търговията и производството.', NULL, 1, 1),
(2, 'https://i.imgur.com/BJiwa1F.jpg', 'Фиг. 1: Географията - наука за природата и обществото', 2, 1),
(3, 'https://i.imgur.com/HuuBB0a.jpg', 'Фиг. 2: Велики географски открития', 2, 1),
(4, 'https://i.imgur.com/A2UgvIP.jpg', NULL, 2, 1),
(5, '**Хоризонт и посоки на хоризонта.** Повърхността на Земята е голяма и не може да се види цялата. Вижда се само определена част от нея. Колкото от по-високо се наблюдава земната повърхност, толкова по-голяма част от нея се вижда. Видимата част на земната повърхност се нарича хоризонт. Линията, по която земната повърхност и небето се „допират“, се нарича линия на хоризонта. Всичко, което се намира зад нея, е невидимо за наблюдателя (фиг. 1). Главните посоки на хоризонта са ви познати. Те са четири – север, юг, изток и запад. Между главните посоки има и междинни посоки – североизток, югоизток, югозапад и северозапад. Те служат за по-точно определяне на търсената посока.\r\n\r\n**Ориентиране.** Да се ориентирате, означава да определите местоположението си спрямо посоките на хоризонта и различни обекти. Има различни начини за ориентиране – по небесните тела, с помощта на компас, по карта или по местни признаци.\r\n*Ориентиране по Слънцето.* Знаете, че Слънцето изгрява от изток и залязва на запад. Ако застанете с лице към изгрева, посоката изток ще бъде пред нас, гърбът ще сочи запад. Лявата ръка ще сочи север, а дясната ръка – юг.\r\n*Ориентиране с компас.* Компасът е уред, в който е поставена магнитна стрелка. Едната част от стрелката е оцветена и тя винаги сочи посоката север. Главните и междинните посоки на света са нанесени върху кръг съкратено с буквите: **С** (север), **Ю** (юг), **И** (изток), **З** (запад), **СИ** (североизток), **ЮИ** (югоизток), **ЮЗ** (югозапад) и **СЗ** (северозапад). Кръгът е разделен на 360 части. Всяка част е равна на един градус (1°). Посоката север е отбелязана с 0° (фиг. 2).\r\n*Ориентиране с карта.* Обикновено на картите има знак, който показва посоките на света. Ако няма такъв знак, горната част на картата винаги сочи север. При ориентиране с карта тя трябва да се постави хоризонтално и да се завърти така, че горната ѝ част да сочи север. В това положение картата е ориентирана по посоките на света. След това се определят посоките към изобразените на нея обекти.\r\n*Ориентиране по местни признаци.* За ориентиране в гора се наблюдава кората на дърветата. От северната страна кората на дърветата е по-тъмна и по-груба в сравнение с южната. По северната страна на дънерите има повече мъх. Клоните на дърветата са по-гъсти и по-дълги от южната страна.\r\n\r\n**Значение на ориентирането в природата.** Умението да се определи вярната посока на движение помага, за да се достигне желано място и да се открие търсен обект. Съвременните технологии осигуряват огромни възможности за бързо и лесно ориентиране в непознати местности сред природата или в населени места. Това са специални устройства, т.нар. GPS (глобална система за позициониране) (фиг. 3). Независимо от възможностите на тези устройства уменията за ориентиране по местни признаци са много полезни в случаите, когато не разполагаме със специална техника, мобилни телефони и интернет връзка. Познати са много случаи, когато туристи или цели експедиции попадат в беда поради неумение да се ориентират правилно в природата. Затова умението за ориентиране е много важно в живота на всеки човек.', NULL, 1, 2),
(6, 'https://i.imgur.com/Vy5RGKt.jpg', 'Фиг. 1: Линия на хоризонта', 2, 2),
(7, 'https://i.imgur.com/waOfdN9.jpg', 'Фиг. 2: Компас', 2, 2),
(8, 'https://i.imgur.com/fE2ex3Q.jpg', 'Фиг. 3: GPS устройство', 2, 2),
(9, 'https://youtu.be/nUQ-PkAupOY', 'Селища', 3, 1),
(10, 'https://youtu.be/3fToBsRDKjA', 'Политическа карта на света', 3, 1),
(11, 'https://youtu.be/FVqJq9ANC7I', 'Стопанство на света', 3, 2),
(12, 'https://youtu.be/qZyNRYkfWJE', 'Стопанство в диаграми', 3, 2),
(13, 'https://youtu.be/onefdbRxH9w', 'Опознаване на Африка', 3, 3),
(14, 'database/audio/geography_G5_L1_1.ogg', 'Урок 1, Аудиофайл 1', 4, 1),
(15, 'database/audio/geography_G5_L1_2.ogg', 'Урок 1, Аудиофайл 2', 4, 1),
(16, 'database/audio/geography_G5_L2_1.ogg', 'Урок 2, Аудиофайл 1', 4, 2),
(17, 'database/audio/geography_G5_L3_1.ogg', 'Урок 3, Аудиофайл 1', 4, 3),
(18, '**Географски глобус.** Глобусът показва най-вярно кълбовидната форма на Земята (фиг. 1). Той обаче е милиони пъти по-малък в сравнение с истинските размери на Земята. Затова на него са изобразени само най-големите и най-важните географски обекти.\r\n\r\n**Географска карта.** Географската карта е умалено и обобщено плоско изображение на земната повърхност, на което обектите са показани с условни знаци. Всяка карта има заглавие, което пояснява какво е изобразено на нея. Други елементи на картата са мащабът и условните знаци. За да се представят на карта географските обекти, истинските им размери трябва да бъдат намалени. Това става с помощта на мащаб. Численият мащаб показва колко пъти са намалени на картата истинските размери на обектите и разстоянията между тях. Мащабът е отношение между две числа. Напр. при мащаб 1:100 000 (чете се „едно към сто хиляди“) двете числа са 1 и 100 000. И двете числа представят разстояния в сантиметри. Първото число е разстояние по картата, равно на 1 см. Второто число показва в сантиметри действителното разстояние, което съответства на 1 см на картата. Колкото по-голямо е второто число, толкова повече са намалени истинските размери на изобразените обекти. Условните знаци са цветове и графични знаци, с които са изобразени обектите на картата (континенти, държави, градове, реки и др.). Знаците са пояснени в легендата на картата. Най-често водните обекти са изобразени със син цвят, горите и парковете – със зелен, градовете и пътищата – с черен. С линии са показани граници, реки, пътища, а с точки – населени места.\r\n\r\n**Способи (начини) за картографиране.** При представяне на височина и дълбочина на обекти се прилага способът количествен фон. Това става с постепенна промяна на цвета (фиг. 2а). За представяне на качествени различия между обектите се използва качествен фон – напр. отделните държави са показани с различен цвят. При представяне на преместване на обекти в определено направление се използват линии на движение – напр. със стрелки са показани маршрути на мореплаватели, ветрове и др. (фиг. 2б). За изобразяване на разпръснати обекти се прилага точков способ. При него на една точка съответства определено количество обекти (напр. с една точка е показан определен брой население).\r\n\r\n**Видове карти и тяхното използване.** На общогеографските карти са изобразени разнообразни обекти (реки, гори, градове, пътища и др.) (фиг. 3). На тематичните карти са изобразени с подробности само един или няколко вида обекти. Тематична карта е политическата – на нея са показани държави, граници, столици, градове. Други тематични карти са природните, на населението, на стопанството и др. Една карта не може да покаже всичко. Затова за различни цели се използват различни видове карти (природни, пътни, туристически, стопански, исторически и др.). Картите са полезни, защото на лист хартия или на карта в интернет може да се покаже информация за различни по големина обекти (от целия свят до населено място). Картите са ваш верен помощник при изучаване на природата, населението и стопанството. От тях ще научите къде се намират и какво представляват географските обекти.', NULL, 1, 3),
(19, 'https://i.imgur.com/8zE8EjF.jpg', 'Фиг. 1: Географски глобус', 2, 3),
(20, 'https://i.imgur.com/bfdDeaE.jpg', 'Фиг. 2а: Способ с количествен фон', 2, 3),
(21, 'https://i.imgur.com/9vu7orX.jpg', 'Фиг. 2б: Способ с линии на движение', 2, 3),
(22, 'https://i.imgur.com/FFcd8ll.jpg', 'Фиг. 3: Общогеографска карта', 2, 3),
(23, '**Географско положение и големина.** Континентът е разположен изцяло в Западното полукълбо. През северната част минава Екваторът, а през средата – Южната тропична окръжност (фиг. 1). Южният край на континента е само на 1000 км от Антарктида. Южна Америка граничи на север с Карибско море, на изток – с Атлантическия океан, а на запад – с Тихия океан. Тя е свързана със Северна Америка чрез Панамския провлак (фиг. 2). През него е прокопан плавателният Панамски канал (фиг. 3). Той свързва Атлантическия с Тихия океан. До изграждането му корабите заобикаляли Южна Америка от юг, а това забавяло минаването им от единия в другия океан. Географското положение на континента благоприятства поддържане на най-тесни връзки със Северна Америка. Южна Америка е четвъртият по големина континент с площ 17,8 млн. кв. км.\r\n\r\n**Брегове и брегова линия.** Бреговете на континента са предимно високи и стръмни. Бреговата му линия е слабо разчленена, без големи полуострови и заливи. По крайбрежието на Карибско море са образувани малки заливи и полуострови с красиви плажове (фиг. 4). Североизточните брегове са ниски и заблатени около устията на големите реки. Това затруднява изграждането на големи пристанища. По-големи заливи има по южното атлантическо крайбрежие. От тях най-голям е заливът Ла Плата (фиг. 5). Тихоокеанският бряг е висок, стръмен и скалист. Тук заливът Арика е широко отворен към Тихия океан. По южното тихоокеанско крайбрежие има множество малки острови, дълбоки заливи и скалисти полуострови (фиг. 6). На юг от Южна Америка се намира остров Огнена земя. Той e отделен от континента чрез Магелановия проток (фиг. 7). В Тихия океан, близо до Екватора, се намират островите Галапагос. В Атлантическия океан, на около 500 км от югоизточните брегове на континента, са разположени Фолклендските острови.\r\n\r\n**Опознаване на континента.** Откривател на Южна Америка е Христофор Колумб. Убеден, че е стигнал до Индия, той нарича новооткритите земи Западна Индия. Днес континентът носи името на Америго Веспучи. Той пръв доказва, че откритите от Колумб земи са непознат континент за европейците. Веспучи участва в няколко плавания до бреговете на новите земи и пръв ги описва. Фернандо Магелан опознава източните и южните брегове на континента по време на околосветското си плаване. В началото на XIX век немският географ Александър фон Хумболт подробно проучва природата на Южна Америка (фиг. 8). Той е наречен от съвременниците си „втори откривател на Америка“. Днес изследванията са свързани с усвояване на природните богатства на континента, изучаването на растителния и животинския свят и неговото опазване.', NULL, 1, 4),
(24, 'https://i.imgur.com/bggn23q.jpg', 'Фиг. 1: Южна Америка, географско положение', 2, 4),
(25, 'https://i.imgur.com/B4h6tyP.jpg', 'Фиг. 2: Панамски провлак', 2, 4),
(26, 'https://i.imgur.com/s3gOZVX.jpg', 'Фиг. 3: Панамски канал', 2, 4),
(27, 'https://i.imgur.com/UzMYUKL.jpg', 'Фиг. 4: Карибското крайбрежие на Южна Америка', 2, 4),
(28, 'https://i.imgur.com/lXxaqYb.jpg', 'Фиг. 5: Заливът с устието на река Ла Плата', 2, 4),
(29, 'https://i.imgur.com/oGiTAij.jpg', 'Фиг. 6: Южното тихоокеанско крайбрежие', 2, 4),
(30, 'https://i.imgur.com/xQRNe4o.jpg', 'Фиг. 7: Бреговете на Магелановия проток', 2, 4),
(31, 'https://i.imgur.com/RvsOhgS.jpg', 'Фиг. 8: Александър фон Хумболт', 2, 4),
(32, '**Главни черти на релефа.** Релефът на Южна Америка е разнообразен. В нея се намира най-обширната низина – Амазонската (с площ 5 млн. кв. км) и най-дългата планинска верига на Земята – Андите (с дължина 7 хил. км). По средна височина (590 м) континентът се нарежда на пето място. Релефът в западната част на Южна Америка е високопланински, в средната – низинен, а в източната – платовиден и ниско планински. Това се вижда от профила на релефа (фиг. 1). Той представлява линия, свързваща точки от земната повърхност с различна надморска височина.\r\n\r\n**Подялба на континента.** Според особеностите на релефа Южна Америка се поделя на три части – западна, средна и източна (фиг. 2).\r\n*Западната част* е заета от планинските вериги на Андите. Те се простират от Панамския провлак на север до остров Огнена земя на юг. Андите се състоят от две успоредни планински вериги. Между тях има високо издигнати плата и дълбоки котловини. На север Андите се разклоняват като ветрило (фиг. 3). Централната им част е най-широка. Тук между планинските вериги са образувани дълбоки езера (фиг. 4). Почти успоредно на тихоокеанския бряг се простира пустинята Атакама. На юг Андите стават по-ниски. Релефът им впечатлява с величествените си остри върхове, покрити с вечен сняг и лед. В тази част се издига най-високият връх на континента Аконкагуа (6961 м) – фиг. 5. Земната кора в Андите е неспокойна. Действащите вулкани, честите земетресения и свличанията на земни маси са постоянна заплаха за местното население (фиг. 6). Голямата височина на Андите затруднява транспортните и стопанските връзки между тихоокеанското крайбрежие и вътрешността на континента.\r\n*Средната част* на континента е най-ниска. Тук се простират три големи низини. В северната част е разположена низината на р. Ориноко. На юг от нея са Амазонската (фиг. 7) и Лаплатската низина. Южните части на континента са заети от областта Патагония. В нея преобладават равнини и плата. На полуостров Валдес на атлантическия бряг на Патагония се намира най-ниската точка на континента –40 м.\r\n*Източната част* на континента включва Гвианската и Бразилската планинска земя (фиг. 8). Релефът им е много разнообразен – преобладават плата с отвесни склонове и плоски върхове. На места достигат над 2 хил. метра височина. Между платата реките образуват дълбоки долини.\r\n\r\n**Полезни изкопаеми.** Континентът е богат на разнообразни полезни изкопаеми. В Андите се намират най-големите находища на медна руда в света. Името на Анди произлиза от думата „анда“. На езика на древното местно население тя означава мед. Гвианската и Бразилската планинска земя са богати на боксит, от който се произвежда алуминий. На много места в континента има големи находища на въглища, нефт, природен газ, сребро, злато, желязна, цинкова, калаена руда. В пустинята Атакама е открита селитра. Тя се използва за производство на минерални торове.', NULL, 1, 5),
(33, 'https://i.imgur.com/8rvhxFj.jpg', 'Фиг. 1: Профил на релефа', 2, 5),
(34, 'https://i.imgur.com/SZsH2v0.jpg', 'Фиг. 2: Релеф на Южна Америка', 2, 5),
(35, 'https://i.imgur.com/8Ld15Yw.jpg', 'Фиг. 3: Северни Анди', 2, 5),
(36, 'https://i.imgur.com/WOGvsX7.jpg', 'Фиг. 4: Централни Анди', 2, 5),
(37, 'https://i.imgur.com/fRQuvYQ.jpg', 'Фиг. 5: Връх Аконкагуа', 2, 5),
(38, 'https://i.imgur.com/53ITl1n.jpg', 'Фиг. 6: Последици от земетресение в Андите', 2, 5),
(39, 'https://i.imgur.com/8nOQfPG.jpg', 'Фиг. 7: Амазонската низина', 2, 5),
(40, 'https://i.imgur.com/m3y2igV.jpg', 'Фиг. 8: Бразилската планинска земя', 2, 5),
(41, '**Климатообразуващи фактори.** Върху климата на континента влияят географското му положение, преобладаващите ветрове, океанските течения и особеностите на релефа (фиг. 1). За разлика от Африка Екваторът пресича Южна Америка в северната Ӝ част. Поради това континентът се простира от субекваториалните ширини в Северното полукълбо до умерените ширини в Южното полукълбо. Друга разлика е, че докато Африка е най-горещият континент, Южна Америка е най-влажният континент. Причина за това са преобладаващите ветрове и океанските течения, край бреговете на континента. Пасатите носят обилни валежи от Атлантическия океан чак до Андите. Топлите Гвианско и Бразилско течение също допринасят за повече валежи. В най-южните части на Южна Америка преобладават западни ветрове. Те носят влага от Тихия океан. Студеното Перуанско течение край западните брегове на континента е причина да не се образуват валежи. Затова тук е най-сухото място на Земята – пустинята Атакама. Андите са преграда както за въздушните маси, идващи от Тихия океан, така и за влажния въздух, нахлуващ от Атлантическия океан.\r\n\r\n**Климатични елементи.** От север на юг до Южната тропична окръжност температурите през цялата година са над 25°C. На юг от Южната тропична окръжност температурите се понижават, а температурните разлики между зимата и лятото се увеличават. В най-южната част на континента температурите през зимата (месец юли) са около 1 – 2°C. Най-много валежи падат по западните склонове на най-северната и най-южната част на Андите – до 8000 мм годишно (фиг. 2). Обилни са валежите и в Амазонската низина. По-малко вали в Бразилската планинска земя и Патагония. В пустинята Атакама дъжд не пада с години, но когато вали, дъждовете са проливни.\r\n\r\n**Климатични пояси.** На север и на юг от екваториалния пояс са разположени два субекваториални пояса. На юг от южния субекваториален пояс се редуват тропичен, субтропичен и умерен пояс. Екваториалният пояс обхваща Амазонската низина и разположените до Екватора части от тихоокеанското крайбрежие. В него през цялата година времето е много горещо и влажно (фиг. 3а). Субекваториалният пояс включва най-северните части на континента и по-голямата част от Бразилската планинска земя. Тук има два сезона – продължително горещо и влажно лято и кратка, но още по-гореща и суха „зима“. Когато в северния субекваториален пояс е влажният сезон, в южния сезонът е сух и обратно (фиг. 3б). Тропичният пояс в континента има малък обхват. Под влияние на пасатите по източното крайбрежие климатът в него е влажен тропичен (фиг. 3в). В централната част на тихоокеанското крайбрежие климатът е тропичен пустинен . Субтропичният пояс е разположен на юг от тропичния. Обхваща по-голямата част от Лаплатската низина и тясна ивица от крайбрежието на Тихи океан. Климатът се отличава с мека и влажна зима и топло и по-сухо лято (фиг. 3г). Умереният пояс обхваща най-южните части на континента (фиг. 3д). Западните ветрове пренасят влажен въздух от Тихия океан и климатът по западното крайбрежие е океански . Тук валежите са обилни, зимата е мека, а лятото – прохладно. На изток в Патагония климатът е по-сух. Причина са Андите, които спират идващия от запад влажен въздух.\r\n\r\n**Планинска климатична област.** Обхваща планинските вериги на Андите (фиг. 3е). С нарастване на надморската височина се увеличават валежите, а температурите бързо се понижават. По най-високите планински върхове през цялата година има сняг и лед.', NULL, 1, 6),
(42, 'https://i.imgur.com/zPpW2zu.jpg', 'Фиг. 1: Климатообразуващи фактори', 2, 6),
(43, 'https://i.imgur.com/2ht6D8G.jpg', 'Фиг. 2: Годишно количество на валежите', 2, 6),
(44, 'https://i.imgur.com/8f0kBD4.jpg', 'Фиг. 3а', 2, 6),
(45, 'https://i.imgur.com/yJ7ih4G.jpg', 'Фиг. 3б', 2, 6),
(46, 'https://i.imgur.com/GWrgvMm.jpg', 'Фиг. 3в', 2, 6),
(47, 'https://i.imgur.com/INO1T2h.jpg', 'Фиг. 3г', 2, 6),
(48, 'https://i.imgur.com/GqGFTIG.jpg', 'Фиг. 3д', 2, 6),
(49, 'https://i.imgur.com/JQZa0mU.jpg', 'Фиг. 3е', 2, 6),
(50, '**Географско положение, граници и големина.** Континентът Европа е разположен изцяло в Северното полукълбо. Най-северните му части се пресичат от Северната полярна окръжност. По-голямата му част попада в Източното полукълбо (фиг. 1).От север, запад и юг Европа е оградена от два океана и няколко морета. На север граничи с Арктичния океан, а на запад с Атлантическия. На юг Средиземно море я отделя от Африка, а Черно море – от Азия. На изток границата между Европа и Азия минава по планините Урал и Кавказ и Каспийско море. Европа е малък континент – по площ (около 10 млн. кв. км) е по-голям само от Австралия. Европа и Азия споделят обща суша, наречена Евразия. Общата ѝ площ е 54 млн. кв. км, или 1/3 от цялата суша на Земята.\r\n\r\n**Брегове и брегова линия.** Континентът има необичайно дълга брегова линия, по-дълга от тази на Африка – втория по големина континент. Тя формира множество полуострови и заливи, които от своя страна се състоят от по-малки полуострови и заливи. Самият континент прилича на голям полуостров на Евразия, вдаден дълбоко в Атлантическия океан.Северните брегове на Европа се мият от Баренцово и Бяло море. Към континента спадат няколко островни групи в Арктичния океан (Нова земя, Шпицберген и др.). Най на запад, близо до Гренландия, се намира покритият с ледове остров Исландия (фиг. 2). Северозападната част на континента е заета от най-големия европейски полуостров – Скандинавския (фиг. 3). Западните му брегове са високи и стръмни, а източните – ниски и полегати. От три страни полуостровът е ограден от Норвежко, Северно и Балтийско море. От Балтийско море дълбоко в сушата навлиза Ботническият залив. В Атлантическия океан близо до континента са разположени Британските острови (фиг. 4). Те са най-голямата островна група, принадлежаща към континента. В нея се включват о. Великобритания, о. Ирландия и много по-малки острови. Отделени са от континента чрез протока Ла Манш. На юг се намира Бискайският залив, при който Атлантическият океан навлиза дълбоко в континента.Южните брегове на Европа се мият от Средиземно и Черно море. Средиземно море е свързано с Атлантическия океан чрез протока Гибралтар (фиг. 5), а чрез Суецкия канал – с Червено море и Индийския океан. Бреговете на Средиземно море са предимно високи и скалисти, а бреговата линия – силно разчленена. Най-големи полуострови са Пиренейският, Апенинският и Балканският. Пиренейският (фиг. 6) има почти квадратна форма и е разположен между Атлантическия океан и Средиземно море. Апенинският (фиг. 7) има формата на ботуш и почти по средата разделя Средиземно море на две части - западна и източна. В западната най-големи острови са Сицилия, Сардиния и Корсика. В източната част е разположен Балканският полуостров, който има триъгълна форма. Тук най-голям европейски остров е Крит.\r\n\r\n**Значение на географското положение и бреговете на Европа.** Днес Европа е една от най-силно развитите части на света. Това до голяма степен се дължи на благоприятното ѝ географско положение. Ако завъртите глобуса така, че в едното полукълбо да попадне по-голямата част от земната суша, ще видите, че Европа се намира в нейния център (фиг. 8). Централното ѝ разположение спрямо повечето континенти благоприятства поддържането на активни връзки с тях. По-голямата част от континента попада в умерения и субтропичния пояс, където условията за живот и стопанска дейност са най-благоприятни. Поради множеството полуострови и заливи повечето земи в Европа са на около 500 км от морския бряг. Само няколко европейски държави нямат излаз на море, но плавателните реки и канали им осигуряват достъп до крайбрежните пристанища и морските пътища. Близостта до морето е повлияла върху живота и историята на европейските народи. От най-ранни времена те развивали корабоплаването, което подпомогнало търговията и морските завоевания. В резултат европейците осъществили Великите географски открития, с което променили историята и културата на целия свят.', NULL, 1, 7),
(51, 'https://i.imgur.com/I4hafxU.jpg', 'Фиг. 1: Географско положение на Европа', 2, 7),
(52, 'https://i.imgur.com/8mQjidL.jpg', 'Фиг. 2: Остров Исландия', 2, 7),
(53, 'https://i.imgur.com/1aRsvai.jpg', 'Фиг. 3: Скандинавският полуостров', 2, 7),
(54, 'https://i.imgur.com/El8S71D.jpg', 'Фиг. 4: Британските острови', 2, 7),
(55, 'https://i.imgur.com/gf1UQgN.jpg', 'Фиг. 5: Протокът Гибралтар', 2, 7),
(56, 'https://i.imgur.com/ZtfCWeO.jpg', 'Фиг. 6: Пиренейският полуостров', 2, 7),
(57, 'https://i.imgur.com/ulZaOLN.jpg', 'Фиг. 7: Апенинският и Балканският полуостров', 2, 7),
(58, 'https://i.imgur.com/HB7OGY7.jpg', 'Фиг. 8: Разстояния от Европа до другите континенти', 2, 7),
(59, '**Главни черти на релефа.** Макар и малък, континентът има разнообразен и сложен релеф. Формирането му е свързано с движенията на земната кора и дейността на морската и речната вода, ледниците и ветровете. В южната част на Европа, където се събират отделни части на литосферата, земната кора е в непрекъснато движение (фиг. 1). В резултат тук са образувани най-високите планини. За тях са характерни земетресения и вулканична дейност. В северната част на Европа земната кора е спокойна, липсват вулкани, а земетресенията са рядко явление. По крайбрежията на континента морската вода е оформила плажове и различни по височина брегове. Във вътрешността реките са образували дълбоки долини и обширни равнини и низини. Подобно на Северна Америка и Азия северната половина на Европа в миналото е била покрита с дебел ледник, който е заравнил релефа (фиг. 2). След разтопяването му се образували Балтийско и Северно море, пясъчни равнини и множество езера.\r\n\r\n**Подялба на континента според релефа.** Според особеностите на релефа Европа се поделя на пет части (фиг. 3) – Северна, Източна, Централна, Западна и Южна.\r\n*Северна Европа* обхваща Скандинавския полуостров, архипелазите около него и о. Исландия. В западната част на полуострова са разположени Скандинавските планини. Дължината им от север на юг е около 2700 км. Най-високият им връх се издига на 2469 м. Западните им склонове стръмно се спускат към Норвежко море. В тях са образувани дълбоки ледникови долини (фиг. 4). Долните им части са потопени от морската вода и оформят тесни и дълбоки заливи, наречени фиорди (фиг. 5).\r\n*Източна Европа* включва Източноевропейската равнина, Прикаспийската низина и планините Урал и Кавказ. Източноевропейската равнина (фиг. 6) е най-обширната. Площта ѝ е около 4 млн. кв. км, а средната височина – 170 м. На юг от нея е депресията на Прикаспийската низина, която продължава на изток в Азия. В най-източната част на континента от север на юг се издига дългата 2500 км планинска верига на Урал (фиг. 7). Най-високата му точка е 1895 м. Кавказ се състои от две големи планински вериги, разделени от дълбоки долини и котловини. Те се на повече от 1000 км между Черно и Каспийско море.\r\n*Централна Европа* е заета от Средноевропейската низина, Средноевропейските планини, Алпите и Карпатите. Средноевропейската низина се простира от брега на Северно море до Източноевропейската равнина. В крайбрежната ѝ част към Северно море са построени диги, които предпазват земите от заливане с морски води. Пресушените части, наречени полдери, са под морското равнище и се използват за земеделие и строителство (фиг. 8). Средноевропейските планини включват няколко планини, високи 1000 – 1600 м. Южно от тях като стена се издигат величествените Алпи (фиг. 9). Планинската им верига е оформила дъга, дълга 1200 км. Първенецът на Алпите е връх Монблан (4809 м). През отделни години височината му се променя с 1 – 2 м в зависимост от натрупването или топенето на леда, с който е покрит.\r\n*Западна Европа* се състои от две части – островна и континентална. Островната включва Британските острови, които имат равнинен, хълмист и нископланински релеф. Най-високата планина (1344 м) се намира в северната част на о. Великобритания (фиг. 10). Релефът на континенталната част на Западна Европа се понижава от изток на запад към атлантическия бряг. Най-високата ѝ точка е 1885 м. Преобладаващият хълмист релеф благоприятства развитието на лозарството.\r\n*Южна Европа* обхваща трите големи южни полуострова. Релефът им е разнообразен – представлява съчетание от различни по височина планини, плата, плодородни низини и котловини. В северната част на Пиренейския полуостров се издигат Пиренеите (3404 м) (фиг. 11). Те са труднопроходими и затрудняват връзките с останалата част на континента. В най-южните части се намира най-високата планина в полуострова – Сиера Невада (3479 м). Във вътрешността на полуострова има високи плата, разделени от речни долини. В северната част на Апенинския полуостров е разположена плодородната Паданска низина (фиг. 12).', NULL, 1, 8),
(60, 'https://i.imgur.com/AzIPSXR.jpg', 'Фиг. 1: Движение на части от литосферата', 2, 8),
(61, 'https://i.imgur.com/YIK5H0p.jpg', 'Фиг. 2: Обхват на заледяването в Европа през последната ледникова епоха', 2, 8),
(62, 'https://i.imgur.com/txCVBGT.jpg', 'Фиг. 3: Подялба на Европа според релефа', 2, 8),
(63, 'https://i.imgur.com/Wj10gyQ.jpg', 'Фиг. 4: Скандинавски планини', 2, 8),
(64, 'https://i.imgur.com/yzbOA1g.jpg', 'Фиг. 5: Фиорди', 2, 8),
(65, 'https://i.imgur.com/ac9irxW.jpg', 'Фиг. 6: Източноевропейска равнина', 2, 8),
(66, 'https://i.imgur.com/VpO6rYS.jpg', 'Фиг. 7: Урал', 2, 8),
(67, 'https://i.imgur.com/y9Upli4.jpg', 'Фиг. 8: Изграждане на полдери', 2, 8),
(68, 'https://i.imgur.com/NueFNwd.jpg', 'Фиг. 9: Алпи', 2, 8),
(69, 'https://i.imgur.com/eUy4iL2.jpg', 'Фиг. 10: Масивът Бен Невис е най-високият на Британските острови', 2, 8),
(70, 'https://i.imgur.com/4blNNa0.jpg', 'Фиг. 11: Пиренеите', 2, 8),
(71, 'https://i.imgur.com/nfhOEMP.jpg', 'Фиг. 12: Паданската низина', 2, 8),
(72, '**Видове полезни изкопаеми в Европа.** В континента има разнообразни полезни изкопаеми. Запасите им обаче са по-малки в сравнение с другите континенти. Изкопаемите горива в континента са представени от въглища, нефт и природен газ. На места в блатистите части на Северна Европа се добива торф (фиг. 1), използван като гориво за отопление. От рудните изкопаеми по-значими са находищата на желязна, хромова, никелова, медна, оловна, цинкова, алуминиева (боксит), уранова руда и руда, съдържаща живак. Използват се за производство на различни видове метали. От нерудните изкопаеми по-важни са находищата на калиева и каменна сол, каолин (глина за производство на порцеланови изделия), азбест, сяра, гипс, графит. Повечето от тях се използват за производство на химически продукти и в строителството.\r\n\r\n**Географско разпространение на полезните изкопаеми.** Разпространението на находищата е свързано с вида на скалите, в които се срещат, и с особеностите на релефа (фиг. 2). В дебелите седиментни пластове, отложени в равнините и низините, са образувани големите находища на изкопаеми горива. По крайбрежията на повечето морета около континента има нефт и природен газ. В планините, изградени от нагънати магмени скали, има находища на рудни изкопаеми. Нерудните са образувани в различни видове скали. Почти по средата на континента, от Британските острови до Урал, се простира „въглищният пояс” на Европа. Големите находища на въглища са в Източноевропейската равнина (Донецкия басейн) и Средноевропейската низина (Рурския басейн). Въглищните пластове на места са разположени плитко до земната повърхност, което улеснява добива (фиг. 3). Нефт и природен газ има на много места в Европа, но запасите им намаляват. По-значимите им находища са в Прикаспийската низина, Северно море (фиг. 4), Източноевропейската равнина, Карпатите и по крайбрежията на Средиземно и Черно море. Находищата на железни рудисе различават по запаси и метално съдържание. Значителни запаси на железни руди има в Урал и южната част на Източноевропейската равнина. С високо съдържание на метал са железните руди в северната част на Скандинавския полуостров (фиг. 5). Те се извозват до пристанища в Норвежко море и от там се транспортират за други части на Европа. По-малко железни руди има в Средноевропейските планини и Британските острови. Находища на хромова рудаима в Балканския и Скандинавския полуостров. Богати на медна, никелова, оловна и цинкова рудаса Урал, Кавказ, Скандинавският, Пиренейският и Балканският полуостров. Боксит има в Среднодунавската низина, Апенинския и Балканския полуостров, а уранова руда– в Средноевропейските планини, Скандинавския полуостров и Източноевропейската равнина. Злато и среброса открити в Скандинавския и Балканския полуостров, Средноевропейските планини, Кавказ и Урал. Руди, съдържащи живак, се добиват в Пиренейския, Апенинския и Балканския полуостров и Източноевропейската равнина. Най-големите находища на сяраса в Апенинския полуостров и остров Сицилия (фиг. 6). Образувани са в резултат от вулканична дейност.\r\n\r\n**Значение на полезните изкопаеми за стопанството на Европа.** Полезните изкопаеми имат жизненоважно значение за стопанството на Европа. Те са в основата на машинното производство, което се зародило в континента през XVII – XIX в. То позволило на някои европейски страни да имат господстващо положение в развитието на света. В резултат от многогодишния добив запасите на редица находища са изчерпани. Повечето европейски страни задоволяват потребностите си чрез внос от други страни. На много места в континента природата е засегната от добива, преработката и използването на полезни изкопаеми. Затова в редица страни се ограничава изгарянето на изкопаеми горива, а се увеличава производството на енергия от слънцето и вятъра. За да се намали потреблението на полезни изкопаеми и замърсяването, се използват повторно отпадъчни продукти от стопанската дейност и бита.', NULL, 1, 9),
(73, 'https://i.imgur.com/qNP5z2X.jpg', 'Фиг. 1: Находище на торф в о. Ирландия', 2, 9),
(74, 'https://i.imgur.com/fO4mz5U.jpg', 'Фиг. 2: Европа, полезни изкопаеми', 2, 9),
(75, 'https://i.imgur.com/ZGHS8CS.jpg', 'Фиг. 3: Добив на въглища в Средноевропейската низина', 2, 9),
(76, 'https://i.imgur.com/WJpJvKY.jpg', 'Фиг. 4: Платформа за добив на нефт в Северно море', 2, 9),
(77, 'https://i.imgur.com/t2L8l6r.jpg', 'Фиг. 5: Находище на желязна руда в Скандинавския полуостров', 2, 9),
(78, 'https://i.imgur.com/3XDKtwo.jpg', 'Фиг. 6: Сяра от вулкана Липари край Сицилия', 2, 9),
(79, '**Историята – наука за миналото.** Хората винаги са се интересували от това какъв е бил животът в миналото. Отговори на въпросите: Какво? Кога? Къде? Кой? Как? дава науката история. Тя представлява пътешествие в миналото. Преди повече от 2500 години гъркът Херодот (фиг. 1) написва първото историческо съчинение. То е озаглавено „Истории“ и описва Гръкоперсийските войни. Затова още в древността той е наречен „баща на историята“. Днес тръгваме с вас на пътешествие назад във времето. Хората отдавна знаят, че който познава миналото, по-добре разбира настоящето и може да предвижда бъдещето.\r\n\r\n**Исторически източници.** Хората не изчезват безследно. След тях остават предмети, с които са си служили, останки от жилища и крепости, надписи и монети, документи, писма, картини и снимки, вестници и книги. До нас достигат песни и легенди, семейни спомени, които също разкриват страници от миналото. Всички тези следи от дейността на хората през вековете се наричат исторически извори . По своя характер те са материални, писмени и устни. Според произхода си могат да са домашни (създадени в съответната страна) и чужди (създадени от чужденци). За изучаване на най-далечното минало особено важно значение имат материалните паметници. С тяхното изследване и изучаване се занимава археологията (фиг. 2). Информация за отдавна отминали събития и личности получаваме най-вече от писмените извори (фиг. 3).\r\n\r\n**Съхраняване на старините.** Голяма част от археологическите паметници се намират на открито. Това са селища, крепости, дворци, храмове и др. (фиг. 4). Можете винаги да ги посетите и да научите повече за тяхната история. Запазените старинни битови предмети, облекло, накити, оръжия, паметници на изкуството се съхраняват в музеите (фиг. 5). Писмените исторически източници се пазят най-вече в библиотеките. Устните извори се предават от поколение на поколение. Те са част от духовната култура на народите. Историческите старини по света се опазват със закони. Най-значимите паметници са под закрилата на ЮНЕСКО (Организация на обединените нации за образование, наука и култура).', NULL, 1, 10),
(80, 'https://i.imgur.com/bkFbGAP.jpg', 'Фиг. 1: Херодот - бащата на историята', 2, 10),
(81, 'https://i.imgur.com/vSI6THT.jpg', 'Фиг. 2: Археологически разкопки', 2, 10),
(82, 'https://i.imgur.com/ZZAZkzF.jpg', 'Фиг. 3: Древноегипетски ръкопис', 2, 10),
(83, 'https://i.imgur.com/vYLRR41.jpg', 'Фиг. 4: Античният театър в Пловдив', 2, 10),
(84, 'https://i.imgur.com/0fW0b7L.jpg', 'Фиг. 5: Музейна експозиция', 2, 10),
(85, '**Отчитане на времето.** Когато изучаваме минали събития, е важно да знаем кога са се случили те. Това не е лесно, защото в миналото хората са отчитали времето по различен начин. Обикновено това става с помощта на периодично повтарящи се природни явления. Такива са смяната на деня и нощта, годишните времена, фазите на Луната и др. Всяка система за измерване на времето се нарича календар. Днес използваме слънчев календар. В основата му стои движението на Земята около Слънцето. Нарича се Григориански, защото е въведен през ХVІ в. от папа Григорий ХІІІ (фиг. 1). Основна мерна единица за отчитане на изминалото време е годината – времето, за което Земята прави една пълна обиколка около Слънцето. Броенето на годините (наричано летоброене) става спрямо някаква начална точка. Различните народи използват различни събития за начало на своето летоброене. Християните започват от годината на раждане на Иисус Христос. Всички събития преди нея се определят като случили се преди Христа (пр.Хр.), а след нея – след Христа (сл.Хр.).\r\n\r\n**Мерните единици на историята.** Различните по продължителност периоди от време се измерват с дни, месеци, години, векове и хилядолетия. Един век е равен на сто години, едно хилядолетие – на хиляда. Понякога определяме събитията спрямо началото или края на съответния век или пък уточняваме в коя негова четвърт са се състояли (първа, втора, трета, последна четвърт). Когато знаем кога точно се е случило едно събитие, записваме неговата дата (ден, месец, година). Историята използва и понятията период, епоха и ера. Ерата е най-продължителният отрязък от време.\r\n\r\n**Хронология и периодизация.** Когато изучаваме история, е важно да познаваме и хронологията на събитията. Това означава кое от тях се е случило по-рано и кое по-късно. Историческото развитие на човечеството се дели на големи отрязъци от време, които съществено се отличават един от друг. Праисторията , която предстои да изучаваме, обхваща времето от появата на човека до възникването на писмеността и първите държави през четвъртото хилядолетие пр.Хр. След това настъпва Античността , продължила до разпадането на Римската империя през V в. сл.Хр. Периодизация на историческото развитие може да се направи и въз основа на материала, от който хората изработват своите оръдия на труда. Отначало те са от камък. По-късно се появяват първите метални сечива – медните. След това е открит по-здравият бронз, а накрая и желязото. Поради това разделяме най-ранната история на човечеството на две ери – каменна и метална. Каменната ера се дели на две епохи – старокаменна и новокаменна. Металната ера се състои от каменно-медна епоха, бронзова епоха и желязна епоха. Такава периодизация се използва от археологията.', NULL, 1, 11),
(86, 'https://i.imgur.com/42MCh6m.jpg', 'Фиг. 1: Папа Григорий XIII', 2, 11),
(87, 'https://i.imgur.com/GrcqqsR.jpg', 'Фиг. 2: Древноегипетски календар', 2, 11),
(88, 'https://i.imgur.com/cAXRKVK.jpg', 'Фиг. 3: Гай Юлий Цезар', 2, 11),
(89, '**Произход на човека.** В миналото произходът на човечеството е бил обясняван със сътворението на първите хора от боговете. През ХІХ в. английският учен Чарлз Дарвин създава теорията за произхода и развитието на живите организми по пътя на еволюцията. Той доказва, че човекът произлиза от древни човекоподобни маймуни. Предполага се, че обособяването на предшествениците на човека от маймуните е настъпило преди милиони години.\r\n\r\n**Разум и реч.** Най-важното различие между хората и човекоподобните маймуни е значително увеличеният обем на човешкия мозък. Той е основна предпоставка за появата на разума. Човек осмисля околната действителност, поставя си цели и предприема действия за тяхното осъществяване. Това го отличава от другите живи същества на Земята. Доказателство за възникването на разума е изработването и използването на различни оръдия на труда. В хода на всекидневната си борба за съществуване хората се нуждаят от обмен на информация, от предаване на натрупания опит от поколение на поколение. Това довежда до възникването на речта, която е присъща само на хората. Разумът и речта се усъвършенстват постепенно. Това става с усложняването на трудовата дейност на хората. От значение за това е и развитието на различни други дейности в човешкото общество.\r\n\r\n**Еволюция на човешкия род.** Човешкият род се развива и усъвършенства бавно и постепенно. Този процес се нарича еволюция и е продължил няколко милиона години. Най-старите останки от скелети на древни хора са открити в Източна Африка. Предполага се, че преди около 2,5 млн. години там се появява т.нар. сръчен човек, който пръв използва каменни оръдия на труда. Той вече е умеел да ходи изправен на два крака, а преди около 1,5 млн. години се разселва извън Африка, в Азия и Европа. Човекът от съвременен тип се появява много по-късно – едва преди около 45 000 години. С неговата поява завършва еволюцията на човешкия род (фиг. 1).\r\n\r\n**Старокаменна епоха.** Това е най-древната и най-дългата епоха – започва с появата на човека преди около 2,5 млн. години, а краят ѝ настъпва едва около Х хил. пр.Хр. За живота на ранните хора свидетелстват останките от тяхната дейност: груби каменни брадви, ножове, върхове на копия, предмети от кост или рог (фиг. 2). По онова време голяма част от Земята е покрита със сняг и лед. Въпреки неблагоприятните природни условия човешкият род успява постепенно да се разсели по всички континенти. За неговото оцеляване голяма роля изиграва ранното използване на огъня за отопление, приготвяне на храна и отблъскване на опасни диви зверове.', NULL, 1, 12),
(90, 'https://i.imgur.com/yjk6UE7.jpg', 'Фиг. 1: Еволюцията на човека', 2, 12),
(91, 'https://i.imgur.com/iNclAla.jpg', 'Фиг. 2: Кремъчни оръдия на труда от старокаменната епоха', 2, 12),
(92, 'https://i.imgur.com/0icPHad.jpg', 'Фиг. 3: Сцена от живота на праисторическите хора (възстановка)', 2, 12),
(93, '**Какво означава средни векове или Средновековие?** През XV в. най-изявените учени в Европа са наясно, че във времето, в което живеят, започва ново развитие на обществата. Наричат този период „Ново време“. Както и Древността, то се отличава с големи постижения в науката и културата. Периодът от време, който се простира между двете плодотворни епохи и който е доста по-беден на постижения, получава названието „средни векове“ или „Средновековие“.\r\n\r\n**Кога започват и кога завършват средните векове?** Невъзможно е да се определи с точност до година, десетилетие и дори век началото на средните векове. Трудността идва от това, че различните области на Европа и Предна Азия в различно време навлизат в новия исторически период. Някои смятат, че неговото начало е налагането на християнството като равноправна и после като официална религия в Римската империя (фиг. 1). Това става през IV в. Други са на мнение, че началото на средните векове е свързано с големите размествания на различни племена в Европа и в Азия. То започва в 375 г. и продължава чак до края на VII в. Наричат това огромно движение на хора „Велико преселение на народите“. В резултат на него Европа и значителни части от Азия изживяват коренна промяна на населението. Великото преселение унищожава Западната Римска империя и голяма част от постиженията на Древността. То принуждава източните части на империята, наричани Византия, да се реформират и да скъсат с наследството на Древността. Поради това началото на средните векове трябва да се отнесе от IV до към края на VII в. Краят на Средновековието е по-лесен за определяне. То завършва в края на XV в. Век и половина преди това започва ново културно движение, наречено „Ренесанс“ или „Възраждане“. През 1492 г. европейците откриват американския континент (фиг. 2). В следващите десетилетия и векове стават известни още много непознати дотогава земи. Хората в Европа отхвърлят много от ограниченията, които църквата налага на средновековните общества. Започва Новото време, което ще изучавате в 8. клас. И така средните векове започват между IV и VII в. и завършват в края на XV в.\r\n\r\n**Постиженията на средновековния свят.** Дълго време се смята, че средните векове не допринасят за прогреса на човечеството. Действително в началото им се наблюдава упадък в сравнения с постиженията на римския и гръцкия свят. Християнството, от своя страна, понякога ограничава полета на човешката мисъл. С течение на времето проличава, че средните векове се отличават много от древния свят. Робството има незначителна роля. Селяните, основните производители, са подчинени на рицарите. Рицарите се подчиняват на бароните, а те – на краля. Цялото общество е устроено като една голяма стълба. Всеки знае своето място в нейните стъпала отдолу нагоре и обратно. Средновековният човек прави голяма крачка напред в развитието си. Открива компаса и барута. Създава нови типове кораби. С тях става възможно да се откриват нови земи. Хората се научават да строят изящни и огромни по размери сгради (фиг. 3). В някои части на Европа започват изкуствено залесяване и промишлен улов на риба. Възникват и се развиват свободните европейски градове. Осъществяват се големи постижения в областта на културата. В това развитие своя роля имат българите и българската държава. Тя е първата, която развива литература и богослужение на говорим език. Със своите постижения средните векове са неразделна и важна част от развитието на човечеството.', NULL, 1, 13),
(94, 'https://i.imgur.com/q5CFw5J.jpg', 'Фиг. 1: Константин Велики, легализирал християнството в Римската империя', 2, 13),
(95, 'https://i.imgur.com/ocsNtJ1.jpg', 'Фиг.2: Генуезецът Христофор Колумб открива Америка през 1492 г.', 2, 13),
(96, 'https://i.imgur.com/ly37yGt.jpg', 'Фиг. 3: Замъкът Крак де Шевалие в днешна Сирия, ХІІ-ХІІІ в.', 2, 13);
INSERT INTO `lesson_content` (`id`, `content`, `content_description`, `content_type_id`, `lesson_id`) VALUES
(97, '**Римската империя и варварите.** По стара традиция римляните наричат племената около своите граници варвари За тях това са групи хора, които „бърборят“ на непознати езици и са чужди на гръко-римската култура. Най-важните варварски племена, които влизат в пряк контакт с империята, са: келтите, германците и славяните. Келтите обитават земите на днешна Северна Европа. С напредването на римските завоевания голяма част от тях са включени в състава на империята и се смесват с новодошлите римляни. Германските племена населяват обширните територии между реките Рейн и Висла и от Балтийско море до Дунав и Алпите. През ІІІ - ІV в. те нападат и плячкосват отслабената Славянските племена живеят на изток от германците. За разлика от келтите и германците те влизат в пряк контакт с римо-византийския свят чак през VІ в.\r\n\r\n**Великото преселение на народите и възникването на първите варварски кралства.** През ІV в. климатът в Азия рязко се променя. Настъпват продължителни периоди на засушаване. То засяга най-вече номадските племена, чието основно препитание е скотовъдството. В търсене на нови пасища огромни маси от хора започват да се придвижват на запад (фиг. 1). Основна роля в това движение играят хуните. Те са отлични ездачи и стрелци с лък и имат добре изградена военна организация. В 375 г. хуните се отправят към Северното Черноморие. Отстъпващите под техния натиск други варварски племена предизвикват голямо раздвижване в повечето части на Европа. По такъв начин започва Великото преселение на народите. През V в. хуните образуват свой племенен съюз. Той достига най-голямото си могъщество под властта на Атила. През 451 г. римляните в съюз с различни германски племена успяват да нанесат тежко поражение на хуните при Каталаунските поля в днешна Северна Франция. Не след дълго Атила умира, а неговият племенен съюз се разпада. Впоследствие хуните са претопени от местното население. От азиатските степи обаче в Европа продължават да прииждат различни номадски племена. В средата на VІ в. аварите се настаняват в земите на днешна Унгария. За около две столетия и половина техният племенен съюз се превръща в основен фактор в европейската политика. Продължава и движението на германски племена, които унищожават Западната Римска империя през 476 г. (фиг. 2). Източната половина на империята оцелява още хиляда години под името Византия. В хода на Великото преселение на народите в Европа и Северна Африка възникват първите варварски държави. В началото на V в. вестготите създават свое кралство на територията на Испания. Почти по същото време вандалите завладяват Северна Африка. В края на V в. остготите създават кралство в Северна и Централна Италия.\r\n\r\n**Последици от Великото преселение на народите.** Разместването на огромни маси от хора и заселването на различни варварски племена на територията на Римската империя са съпроводени от много сериозни сътресения. Стотици хиляди хора намират смъртта си, цели градове са разрушени, множество ценни паметници на античната култура биват унищожени. Под ударите на варварите пада и Западната Римска империя. Същевременно варварите влизат в досег с различни достижения на античната гръко-римска култура и ги възприемат. Латинският език става официален в държавите в Западна и Централна Европа. Благодарение на римските мисионери християнството се разпространява сред варварите. По такъв начин Великото преселение на народите съдейства за раждането на средновековна Европа.', NULL, 1, 14),
(98, 'https://i.imgur.com/NHJbs51.jpg', 'Фиг. 1: Нахлуването на варварски племена в Римската империя', 2, 14),
(99, 'https://i.imgur.com/UqSEXKW.jpg', 'Фиг. 2: Битка между римляни и варвари', 2, 14),
(100, 'https://i.imgur.com/0aINp0t.jpg', 'Фиг. 3: Вестготска катарама', 2, 14),
(101, '**Византия: от Античност към Средновековие.** През ІV в. Римската империя е прекалено обширна. За да може да бъде управлявана ефективно, тя се разделя на Източна със столица Константинопол и Западна със столица Рим. За разлика от своята западна посестрима Източната Римска империя оцелява и дори укрепва в хода на Великото преселение на народите. Тя остава в историята под името Византия. Епохата на най-голямо могъщество на Византия настъпва при управлението на император Юстиниан (527 – 565) (фиг. 1). В държавната хазна са натрупани повече от 10 тона злато. Това огромно богатство позволява на Юстиниан да започне възстановяването на целостта на Римската империя.\r\n\r\n**Византия при управлението на Юстиниан.** Веднага след възкачването си на престола император Юстиниан започва мащабна подготовка за възстановяване на целостта на Римската империя. През 534 г. византийските войски лесно разгромяват вандалското кралство и си връщат Северна Африка. Година по-късно започва продължителна кампания срещу остготите. Едва към 554 г. византийците успяват да покорят Италия и части от Пиренейския полуостров. Така Средиземно море отново се превръща в „римско езеро“. За да покаже могъществото на своята империя, Юстиниан заповядва в центъра на Константинопол да бъде издигната прочутата църква „Св. София“ (фиг. 2). Храмът е истинско архитектурно чудо и в продължение на векове е символ на целия християнски свят. Отново по нареждане на императора са събрани всички римски и византийски закони. Целта на Юстиниан е да покаже, че Византия е наследник на древната римска правна традиция и значително превъзхожда младите варварски кралства.\r\n\r\n**Византия и славяните.** При управлението на Юстиниан южните славяни започват да нахлуват на Балканския полуостров. Византийците обаче са прекалено заети с войните срещу вандали и готи. По тази причина те не успяват да се противопоставят на нашествието (фиг. 3). След началото на VІІ в. славяните заселват балканските провинции на империята. В централните, южните и югозападните дялове на полуострова се настаняват славяни от т. нар. българска група. В западните и северозападните му части пък се установяват сърбите и хърватите. Византия запазва само части от Тракия и днешна Гърция. На Балканите славяните извършват това, което германците вече са направили в Западна и в Централна Европа. За разлика от германците обаче славяните все пак не успяват да превземат Константинопол и да унищожат империята. Събитията на Изток се отразяват още по-тежко на Византия. До началото на VІІІ в. арабите завладяват едни от най-богатите области на империята като Египет, Сирия и Северна Африка. На няколко пъти те дори обсаждат Константинопол. По такъв начин мечтата на Юстиниан да възстанови величието на някогашната Римска империя окончателно рухва. През следващите векове Византия ще бъде принудена да се бори за собственото си оцеляване.', NULL, 1, 15),
(102, 'https://i.imgur.com/LilWvhB.jpg', 'Фиг. 1: Император Юстиниан', 2, 15),
(103, 'https://i.imgur.com/xazQbEU.jpg', 'Фиг. 2: Църквата \"Св. София\"', 2, 15),
(104, 'https://i.imgur.com/3uE4oal.jpg', 'Фиг. 3: Крепостта Кастра Мартис', 2, 15),
(105, '**Европа и светът през Новото време.** В Европа Новото време започва от края на XV в. и продължава до Първата световна война (1914 – 1918 г.). През този период водеща роля в развитието на обществата има буржоазията. В икономическото развитие се налагат капиталистическите отношения. През Новото време европейският свят изживява няколко важни периода. Най-голямо влияние върху българите имат Просвещението и Романтизмът. В Европа Просвещението започва в началото на XVIII в., когато започва и Българското възраждане. Върху българите най-силно влияние оказват просвещенските идеи за човешката свобода и за развитие на просветата. Новото образование се стреми да проникне във всички слоеве на обществото. То трябва да подготви хората за свобода и демокрация. Тези негови идеи отговарят на една от основните прояви на Българското възраждане: движението за новобългарска просвета и култура. През първата половина на XIX в. в Европа се разпространяват идеите на Романтизма. Те проповядват връщане към корените на народните традиции от епохата на Средновековието. Романтизмът засилва чувството за принадлежност към даден народ. У нас се забелязва засилен интерес към българската средновековна история, в която се откриват множество славни дела, повод за гордост.\r\n\r\n**Българското възраждане.** То започва в началото на XVIII в. и продължава до Освобождението през 1878 г. За българските земи в Македония и Тракия, които остават под османска власт, Възраждането продължава до Балканските войни през 1912 – 1913 г. (фиг. 1). Българското възраждане е епоха на промени в начина на живот и трудовата дейност на хората. Те са резултат от напредъка на българското общество и кризата в основните османски държавни институции. Българските занаятчии и търговци, съставляващи младата българска буржоазия, усилено търсят контакти със свободния европейски християнски свят. От там проникват идеите на Просвещението и Романтизма. Освободителните движения на някои от европейските народи засилват копнежа към отхвърляне на османската власт и изграждане на собствена българска държава. По време на Възраждането българският бит, особено в големите градове, се променя и придобива европейски черти (фиг. 2). Властта на Османската империя пречи на развитието на тези обновителни процеси. Поради тази причина водачите на Българското възраждане насочват своята борба към отхвърляне на османската власт и извоюване на свободата. В началото промените сред българите са бавни и мъчители. С развитието на възрожденския процес те се ускоряват и стават необратими. Стремежите на българите през Възраждането са насочени в три направления. Най-рано възниква движението за новобългарска просвета и култура. По-късно започва борбата на българите за собствена църква. И най-накрая основното движение: борбата за възстановяване на българската държава, завършила с освобождението от османска власт.', NULL, 1, 16),
(106, 'https://i.imgur.com/KHJbQhD.jpg', 'Фиг. 1: Йохан Гутенберг (ХV в.) разглежда страница от книга', 2, 16),
(107, 'https://i.imgur.com/yP7BRFF.jpg', 'Фиг. 2: Възрожденско Габрово', 2, 16),
(108, '**Паисий Хилендарски и „История славянобългарска“.** Той е роден през 1722 г. За негово родно място се сочи Банско. Като младеж Паисий се замонашва в Хилендарския манастир на Света гора. Оттук идва и прозвището му Хилендарски (фиг. 1). Паисий се среща с различни по народност монаси. В разговори с тях у него възниква идеята да напише историята на българския народ, за да вдъхне гордост на своите сънародници от славното им минало. Чрез този си труд Паисий иска да се противопостави на опитите на съседните народи да оспорят правото на българите да изградят своя просвета, църква и държава.Паисий Хилендарски изучава сведения за българското минало в архивите на светогорските манастири (фиг. 2). За известно време посещава сръбските земи, които са под австрийска власт. Там прочита важни книги за миналото на българите и на другите православни народи. През 1762 г. Паисий завършва труда си в светогорския манастир „Зограф“. След това тръгва да го разнася по българските земи. В началото „История славянобългарска“ се преписва на ръка от родолюбиви българи, а през ХІХ в. се появява и печатно издание (фиг. 3). Паисий умира вероятно в 1773 г. в дн. Асеновград.Светогорският монах разказва емоционално за великото минало на българската държава и църква. Призовава българите да пазят своя род и да се учат на роден език. Представя великите царе и светци от българското минало. Насърчава народа да се стреми към просвета и самостоятелна църква. До Освобождението „История славянобългарска“ е основен учебник в българското възрожденско училище. От нея хиляди българи се учат на патриотизъм и вяра във възможностите на българската народност.\r\n\r\n**Просветителската и политическата дейност на Софроний Врачански.** Продължител на делото на Паисий Хилендарски е котленецът Стойко Владиславов (1739 – 1813). Още като млад свещеник в Котел той се среща с Паисий и прави два преписа на „История славянобългарска“. През 1794 г. е определен за врачански владика. В началото на XIX в. обикаля своята църковна област (епархия) и проповядва на говорим български език. Така той прилага на българска почва просвещенските идеи за разпространение на знанията сред обикновените хора.Времето е много трудно. Из българските земи върлуват турски банди, които грабят, палят и убиват. През 1803 г. Софроний Врачански се премества в Букурещ. Там около него се събира група родолюбиви българи. Те образуват първата българска политическа организация за защита на българските интереси, наречена „Българско общество“.През 1806 г. Русия обявява война на Турция. Това подтиква Софроний да се замисли за освобождението на България. Първоначално той смята, че българите трябва да признаят властта на руския цар. По-късно достига до идеята за българско самоуправление (автономия). Софроний съдейства за създаване на български доброволчески отряд в състава на руската армия. Този отряд участва в боевете между руси и турци през 1811 – 1812 г. За съжаление руско-турският мирен договор от 1812 г. не облекчава положението на българите. На следващата година Софроний умира в Букурещ.В последните десет години от живота си той се изявява като виден просветител. Осъзнава значението на книгопечатането като средство за разпространение на знанията. През 1806 г. излиза неговият сборник с поучения, наречен „Неделник“. Това е първата новобългарска печатна книга. Софроний написва на говорим език своята автобиография – „Житие и страдание на грешния Софроний“.', NULL, 1, 17),
(109, 'https://i.imgur.com/3wOA1cx.jpg', 'Фиг. 1: Паисий Хилендарски', 2, 17),
(110, 'https://i.imgur.com/gZKssR6.jpg', 'Фиг. 2: Хилендарският манастир', 2, 17),
(111, 'https://i.imgur.com/p1jPVOW.jpg', 'Фиг. 3: Първото печатно издание на Паисиевата история, 1844 г.', 2, 17),
(112, '**Преход от килийно към ново училище.** Със замогването на българските занаятчии и търговци нараства необходимостта от нови знания. Такива са чуждите езици и естествените науки, нужни на новите българи в тяхната трудова дейност. В програмите на българските училища се появяват предмети, отговарящи на развитието на науката във века на Просвещението. Децата на някои заможни българи са пращани на учение в чужбина. С особена популярност се ползват гръцките училища, но те крият опасност от попадане под гръцко влияние. В първите десетилетия на XIX в. в някои развити български градове като Свищов, Котел, Сливен и Карлово се откриват гръцко-български училища. В тях се преподава на говорим български език. В такива училища учат бъдещите водачи на Българското възраждане. През 1824 г. българският възрожденец и учен Петър Берон (1799 – 1871) издава първия учебник на новото българско училище. Наричат тази книга „Рибен буквар“, защото в един от разделите има рисунка на кит (фиг. 1). (Тогавашните българи смятали кита за гигантска риба. ) Петър Берон предлага българското училище да използва т. нар. взаимоучителна метода: по-напредналите ученици да обучават начинаещите (фиг. 2). Учителят надзирава и ръководи тази тяхна дейност. Взаимните училища създават възможност за бързо обучение на голям брой деца. Първите подобни училища са открити в Габрово и Стара Загора. Като талантлив учител и автор на нови учебници се изявява Неофит Рилски. Новите училища дават *светско образование*. Това означава, че преподаването в тях не е религиозно по характер, без да се пренебрегват знанията за християнската религия. Преобладават обаче предмети като граматика, аритметика, история, география и др. като в по-развитите европейски страни. Обучението в новите училища е на говорим български език.\r\n\r\n**Развитие на българското образование до Освобождението.** Към средата на XIX в. в повечето големи български градове и в много от селата възникват нови светски училища. Появяват се първите класни училища, които започват да изместват взаимните. В тях учениците са разделени на класове, на които преподават отделни учители. Първите класни училища са открити в Копривщица, Пловдив, Пазарджик и др. При липсата на българска държава образованието е отговорност на заможните и модерно мислещите българи. Те формират училищни настоятелства, които подкрепят финансово училищата, намират им учители и набавят учебници. В края на учебната година учениците и учителите са длъжни да покажат наученото пред местната общественост. При подпомагането на училищата важна роля играят и българите, които живеят в чужбина. Одеските българи като Васил Априлов (фиг. 3) и Никола Палаузов дават средства за строежа и дейността на Габровското училище, наречено по-късно Априловска гимназия. Стремежът към знания води до появата на *читалищата*. В тях се организират неделни училища, набавят се вестници и книги, откриват се читални. По-късно тук се изнасят театрални представления и музикални концерти. Читалищата са типично български образователни и културни институции. Те способстват много със своята дейност за развитието на възрожденското образование. В десетилетията преди Освобождението много българи получават образование в чужбина. Най-много учат в Русия, в Истанбул и в съседните балкански страни. Има и такива, които заминават с тази цел във Франция, Германия, Австрия, Италия и др. Бурното развитие на училищното дело създава българска възрожденска *интелигенция*. Това са хора, които се занимават изключително с умствен труд. Най-многобройни от тях са учителите и свещениците. Развитието на образованието създава у българите чувството за единна общност и засилва техния стремеж към независима църква и собствена държава.', NULL, 1, 18),
(113, 'https://i.imgur.com/cKiEGqB.jpg', 'Фиг. 1: Илюстрации от „Рибния буквар“ (1824 г.)', 2, 18),
(114, 'https://i.imgur.com/nuCW8Vp.jpg', 'Фиг. 2: Портрет на Петър Берон', 2, 18),
(115, 'https://i.imgur.com/VtCGQkQ.jpg', 'Фиг. 3: Портрет на Васил Априлов', 2, 18),
(116, '*От древни времена хората са имали нужда да общуват помежду си. При общуването си обменяли информация – къде има храна, как да се пазим от врагове, как да построим жилище. Първоначално общуването е ставало с помощта на жестове и думи, по-късно се е появила писмеността. Така информацията е могла да бъде записвана и съхранявана дълго време.*\r\nДейностите по събиране, обработка, съхранение и разпространение на информация се наричат информационни дейности . Науката, която изучава информационните дейности, се нарича информатика , а средствата за тях – информационни технологии.\r\n\r\n**Компютри и компютърни системи.** Компютърът е машина за съхранение и обработка на информация. Компютри управляват различни технологични процеси в производството и бита, помагат на учените да решават сложни проблеми, изпълняват множество други задачи. Те улесняват всекидневната дейност на човека.\r\nКомпютрите са сложни устройства, които се състоят от различни елементи. Затова често се говори за компютърни системи . Най-общо елементите на компютърната система могат да се разделят на две категории – хардуер и софтуер . Хардуер е комбинацията от електронни и механични съставни части на компютъра, това, което може да се види и пипне. Софтуерът не съществува материално, той е набор от компютърни програми – последователности от инструкции (команди), които управляват работата на компютъра. Програмите са записани в паметта на компютъра. Процесорът на компютъра чете тези програми и ги изпълнява. По този начин хардуерът и софтуерът представляват единно цяло и работят съвместно.\r\nОсвен инструкции в паметта на компютъра се съхранява и информацията, която трябва да бъде обработена. Тази информация, както и инструкциите са представени (кодирани) като последователности от числа. Процесът на кодиране на информацията като числа се нарича дигитализация тази причина понякога дигитални чат устройствата, използвани в бита и при професионалните дейности и управлявани от микрокомпютри.\r\nПерсоналният компютър е универсално устройство, което може да решава различни задачи. Това става, като в паметта му се зареждат и изпълняват потребителски компютърни програми (приложения). Съществуват програми за игри, изчисления, рисуване и чертане, слушане на музика, гледане на филми и много други.\r\nДиалогът между човек и компютър се осъществява чрез входни и изходни ства. С тях информацията се кодира и декодира така, че да може да бъде обработвана както от човека, така и от компютъра.\r\nВ конфигурацията на персоналния компютър са включени клавиатура монитор , звукови колонки . Ако е необходимо, могат да се включат и скенер тер , проектор , камера или други специализирани устройства.\r\nMicrosoft Windows е набор от програми, които управляват входно-изходните устройства и другите съставни части на компютъра и осигуряват диалога с потребителя. В часовете по информационни технологии ще работим с версията Windows 10.\r\nЕдна от задачите на Windows е да улесни потребителите при стартирането и настройката на програмите. Това става с графичен потребителски интерфейс – набор от екранни елементи (икони, прозорци, бутони, менюта), които се активират с мишката.', NULL, 1, 19),
(117, 'https://i.imgur.com/vjt1JCT.jpg', 'Настолен компютър', 2, 19),
(118, 'https://i.imgur.com/wbgfVhT.jpg', 'Компютърна мишка', 2, 19),
(119, 'Информацията, с която компютърът работи в момента, се съхранява в т. нар. ративна памет . Тя е много бърза, но има ограничен обем, освен това при изключване на компютъра информацията в нея се изтрива. Когато е необходимо да се съхраняват по-големи обеми информация и тя да се запазва и без електрическо захранване, се използват други видове носители на информация.\r\n\r\n**Видове носители на информация.** В персоналните компютри има поне по едно устройство, наречено твърд диск (HDD – Hard Disk Drive). На него е записана операционната система (Windows или друга), потребителските програми и данните (текстове, картинки, музика, филми), които се използват най-често. В кутията на персоналния компютър може да има един или няколко твърди дискa, които не е предвидено да се изваждат от там. Когато трябва да се пренесе информация от един компютър на друг, могат да се използват външни (преносими) твърди дискове. Оптичните (лазерни) дискове (CD, DVD, Blue Ray) са разпространен носител на информация. Повечето от тях не допускат повторен запис, но пък имат ниска цена. USB Flash паметите имат ниска цена, висока надеждност и могат да се включат към всеки компютър с USB конектор . На същия принцип работят и картите памет (SD, CF, Memory Stick и др. ), които се използват в цифровите фотоапарати, таблети и смартфони. Някои компютри имат предвиден конектор за включване на карти памет, за други е необходим адаптор.\r\n\r\n**Физически и логически имена на устройства.** Носителите на информация използват различни принципи за запис и съхраняване на информацията – магнитен, оптичен, електронен. Не е необходимо потребителят да знае как точно става това. В операционната система има специални програми, наречени драйвери, които управляват процеса на запис и четене за всеки отделен носител. Потребителят работи не с физическите имена на устройства (твърд диск, оптичен диск, карта памет), а с техните логически имена. Когато устройство – носител на информация, се включи към компютъра, операционната система му присвоява логическо име. Правилата за работа с логическите устройства са едни и същи независимо от различните принципи на работа. За потребителя няма разлика дали записва информация на твърд диск, на оптичен диск или на карта памет, той използва едни и същи команди за това.', NULL, 1, 20),
(120, 'https://i.imgur.com/GXCcVVQ.jpg', 'Твърди дискове', 2, 20),
(121, 'https://i.imgur.com/pxxGklD.jpg', 'Флаш памети', 2, 20),
(122, 'На един носител, например твърдия диск на компютъра, обикновено е записана много информация от различен вид – програми, текстове, картинки, музика, филми. За да може потребителят да намира бързо информацията, която му е нужна, трябва да въведе някакъв ред. Това се постига, като информацията се организира във файлове и папки. Името на файла се избира от потребителя, като се спазват определени правила. Cимволите \\ / : * ? ” < > не могат да се използват в името на файла. Дължината на името не може да е по-голяма от 255 символа. Windows може да работи с файлове с имена, написани на латиница или кирилица, но някои програми разпознават само файлове с имена на латиница. Към името на файла се добавят точка и още няколко, най-често три, символа. Това е така нареченото разширение на името С него се посочва видът на информацията, записана във файла, а в някои случаи и програмата, с която този файл може да се обработва (фиг. 1). Папките, също както и файловете, имат собствени имена. За тях важат същите правила, както за имената на файловете. Освен файлове, в папките могат да се съдържат и други папки. По този начин информацията се организира в дървовидна структура.\r\n\r\n**Работа с папки и файлове.** Всеки потребител може да създава и изтрива папки и файлове, да им дава имена , да ги премества и копира от едно място на друго. Имената на файловете се въвеждат с клавиатурата. Вече умеем да пишем числа и специални символи. Освен клавишите с букви, цифри и символи, на клавиатурата има няколко клавиша с по-специално предназначение. Най-често те се натискат в комбинация с други клавиши. Такива клавиши са: Shift, Enter (вече сте работили с тях), Ctrl, Alt, Esc, CapsLock.', NULL, 1, 21),
(123, 'https://i.imgur.com/RixwXts.jpg', 'Фиг. 1: Примерни видове файлови разширения', 2, 21),
(124, 'Понякога ни се налага да пренасяме информация от един компютър на друг. Например след екскурзия с класа сме направили на своя компютър папка със снимки. Искаме да ги запишем на училищните компютри, за да могат да ги разгледат всички. Един възможен начин да направим това е да използваме преносим носител на информация.\r\nПри опит да запишем снимките на преносим носител получаваме следното съобщение (фиг. 1). С това съобщение Windows ни информира, че на нашия носител имаме свободно място 1,84 GB, а не ни достигат още 2,56 GB, за да можем да запишем нашите файлове. Програмата за копиране е измерила размерите (големината) на нашите файлове и е установила, че на носите ля няма достатъчно място за тях. Резултатите от измерването са дадени в единици, обозначени като GB.\r\nЗнаем, че компютърът е машина, която се захранва с електроенергия. Знаем също така, че компютърът съхранява и обработва информацията под формата на числа. За да могат да бъдат обработвани, числата трябва да се представят (кодират) като електрически сигнали. При това по редица съображения се е оказало най-удобно да се използват две стойности, по казващи наличието или липсата на сигнал. При ето е тази стойности да се обозначават с „не“ и „да“ или с „0“ и „1“.\r\nКомпютрите работят само с две цифри 0 и 1. Числата, за чието представяне се използват само две цифри, се наричат двоични (или числа в двоична бройна система ), за разлика от десетичните числа, с които най-често работят хората. В таблицата на фиг. 2 е показано как се представят като двоични десетичните числа от 0 до 9.\r\nСтойността на едно число в десетична система можем да получим, като умножим всяка от цифрите на числото с коефициент (множител), който е равен на:\r\n1, ако е цифра на единиците\r\n10, ако е цифра на десетиците\r\n100, ако е цифра на стотиците\r\n1000, ако е цифра на хилядите и т. н.\r\nНапример:\r\n2438 = 2.1000 + 4.100 + 3.10 + 8.1\r\n2438 = 2.10.10.10 + 4.10.10 + 3.10 + 8.1\r\nМожем да направим извод, че коефициентът се променя в зависимост от позицията на цифрата в числото, като всеки следващ е 10 пъти по-голям от предишния.\r\nСтойностите на числата в двоична система се получават по подобен начин. Разликата е, че коефициентите се получават, като всеки следващ е 2 пъти по-голям от предишния (от дясно наляво 1, 2, 4, 8, ... ).\r\n1101 (двоично) = 1.2.2.2 + 1.2.2 + 0.2 + 1.1 = 13\r\n1101 (двоично) = 1.8 + 1.4 + 0.2 + 1.1 = 13\r\nЕдин бит е възможно най-малкото количество информация, например отговор на въпрос с „не“ или „да“ („0“ или „1“). При измерванията на физични величини се използват и производни единици . Те се обозначават, като към наименованието на мерната единица се добавят т. нар. десетични представки. Наричат се десетични, защото се получават с умножение по 10. Например 1 кило грам = 10.10.10 грама = 1000 грама. Производни единици се използват и при измерване на информация (фиг. 3). Вече знаем, че информацията се съхранява под формата на двоични числа. За измерване на големи количества информация са по-удобни производни единици, получени чрез умножение по 2. Те се обозначават с двоични пред ставки . Такава например е представката киби (kibi от kilo binary). Един кибибайт е равен на 2.2.2.2.2.2.2.2.2.2 = 2^10 байта или 1024 байта (фиг. 4). По изключение при указване на полезния обем на някои носители на информация (твърди дискове, DVD, USB Flash памети) се използват десетични производни единици (кило, мега, гига... ). Двоичните представки са въведени сравнително скоро и не са приети като задължителен стандарт. По тази причина в литературата или в разговорната реч може да се види или чуе „1 килобайт = 1024 байта“. Windows показва размерите на файловете в кибибайтове, но ги обозначава с KB, а не с KiB.', NULL, 1, 22),
(125, 'https://i.imgur.com/knKguuc.jpg', 'Фиг. 1: Съобщение от Windows', 2, 22),
(126, 'https://i.imgur.com/f6cdvdW.jpg', 'Фиг. 2: Представяне на десетични числа като двоични', 2, 22),
(127, 'https://i.imgur.com/xWEYBZW.jpg', 'Фиг. 3: Десетични производни единици', 2, 22),
(128, 'https://i.imgur.com/QSI5rnD.jpg', 'Фиг. 4: Двоични производни единици', 2, 22),
(129, 'Един от най-важните представители на софтуера е операционната система. **Операционната система (ОС)** е съвкупност от програми, чието предназначение е да управляват и координират съвместната работа на хардуера и софтуера и да осигуряват диалога с потребителя. Съвременните дигитални устройства – мобилни телефони, таблети, цифрови фотоапарати, се управляват от компютри. Всички те имат операционни системи. Част от задачите на операционната система на персоналните компютри са:\r\n- Проверка на хардуера след стартиране на компютъра;\r\n- Управление на включените в конфигурацията входни и изходни устройства;\r\n- Зареждане в паметта и изпълнение на потребителските програми;\r\n- Осигуряване на диалога с потребителя посредством потребителски интерфейс.\r\nДруга задача на операционната система е управлението на файловата структура. Потребителят работи по един и същи начин с включените към компютъра носители на информация, независимо от техния принцип на действие – магнитен, оптичен или друг.\r\nЗнаем, че информацията се записва във файлове, файловете могат да се организират и подредят в папки, а папките в други папки. Така подредените папки и файлове образуват дървовидна структура.\r\n**Коренът на дървото** е папката с име *This PC* ( Computer при други версии на Windows). За вся ко от логическите устройства има папка с неговото име – това са разклоненията на ствола на дърво то. Във всяка от тези папки се съдържат други папки и файлове. Можем да си представим клоните на дървото като папки, а листата – като файлове. Част от операционната система Windows е програмата Control Panel. С нея можем да настройваме изгледа на елементите от графичния потребителски интерфейс.', NULL, 1, 23),
(130, 'https://i.imgur.com/r8ATCMP.jpg', 'Дърво', 2, 23),
(131, 'Знаем, че информацията се записва на носители под формата на файлове. Файловете имат имена, които се състоят от две части – същинско име и разширение на името. Името на файла се избира от потребителя, а разширението най-често се добавя автоматично от програмата, с която създаваме файла.\r\nЗнаем, че при двойно щракване върху името на файл той се отваря с някоя програма. Това се нарича отваряне по асоциация. Операционната система помни кои типове файлове с кои програми трябва да се отворят. При желание можем да променим тази настройка.\r\nКогато разглеждаме файловете в дадена папка, освен името виждаме и икона. Тази икона показва с коя програма ще се отвори файлът при двойно щракване върху името му (фиг. 1).', NULL, 1, 24),
(132, 'https://i.imgur.com/8yGdV1P.jpg', 'Фиг. 1', 2, 24),
(133, 'Една от причините за голямото разпространение на персоналните компютри е тяхната универсалност. До голяма степен тя се дължи на голямото количество налични компютърни приложения (софтуер). Потребителят може да подбере тези приложения, които отговарят най-пълно на неговите цели. Не по-малко важен е и подходящият избор на хардуерните компоненти на компютърната система. От тях зависи производителносттана компютъра, способността му да се справи с поставените задачи за най-кратко време. За да подберем правилно компонентите на нашата компютърна система, трябва да знаем какво е тяхното предназначение и да познаваме техническите им параметри.\r\n\r\n**Централният процесор** (CPU, Central Processing Unit) управлява компютърната система, като изпълнява последователността от операции, описани в софтуерното приложение (програмата). Производителността на компютъра до голяма степен зависи от техническите параметри на централния процесор.\r\n**Тактовата честота** на процесора показва броя елементарни операции, които се изпълняват за единица време. Измерва се с единицата херц (Hz) и нейните производни. Тактовите честоти на съвременните процесори са от порядъка на няколко гигахерца (GHz).\r\n**Разрядност на процесора.** Това е броят битове, които се обработват едновременно от процесора. Най-разпространените съвременни процесори имат разрядност 32 или 64 бита.\r\n**Брой на ядрата.** Ядрото на процесора е елементът, който непосредствено изпълнява инструкциите от програмата. Процесорът може да има няколко ядра, които работят едновременно.\r\n**Обем на буферната (кеш) памет.** Това е бърза памет, вградена в процесора. Тя съхранява най-често използваните от процесора инструкции и данни. Така се подобрява производителността на системата. Други характеристики на процесорите са: начинът, по който процесорът се свързва с останалите елементи от конфигурацията (на цокъл– socket, или на конектор– slot); захранващото напрежение, измервано във волтове (V); консумираната мощност, измервана във ватове (W); наличието на допълнителни компоненти, например графичен контролер.\r\n\r\n**Паметта на компютъра** служи за съхранение на програмите и данните. Тя се произвежда под формата на интегрални схеми (чипове). Според техническите им характеристики паметите могат да се разделят на два вида – енергозависимии енергонезависими. При първите записаната информация се загубва при отпадане на захранването (изключване на компютъра), а при вторите информацията се запазва и при изключен компютър. Обикновено енергозависимите памети имат по-голямо бързодействие. Паметите се делят и на други видове – динамична или статична, с произволен или последователен достъп, с възможност за еднократен или многократен запис на информация.\r\n*Оперативната памет* на компютъра служи за съхранение на програмите, които се изпълняват в момента, и на данните, които се обработват. Използват се динамични енергозависими памети (чипове). Прието е оперативната памет да се нарича RAM (от Random Access Memory – памет с произволен достъп). Оперативната памет на съвременните персонални компютри най-често е от тип DDR3 SDRAM или DDR4 SDRAM. (Double Data Rate Synchronous Dynamic Random Access Memory – синхронна динамична памет с произволен достъп и удвоена скорост на предаване на данните).\r\n*Постоянната памет на компютъра* – ROM (Read Only Memory), е памет, чието съдържание процесорът не може да променя при нормалната си работа. Тази памет е енергонезависима. В нея са записани програмите, необходими за първоначално стартиране на компютъра. Информацията в ROM паметта се записва при производството ѝ, с помощта на специални устройства (програматори) или от процесора при специален режим на работа. В зависимост от начина, по който става записът, различаваме PROM, EPROM, EEPROM и други видове постоянна памет.\r\n*CMOS паметта* служи за съхраняване на информация за конфигурацията на компютъра и на някои настройки, необходими за първоначалното му стартиране. Тази информация трябва да може да се променя от потребителя, а също така да не се изтрива при изключване на захранването.', NULL, 1, 25),
(134, 'https://i.imgur.com/ywYJpBL.jpg', 'Компютър и периферни устройства', 2, 25),
(135, 'https://i.imgur.com/cke6OMq.jpg', 'Централен процесор', 2, 25),
(136, 'https://i.imgur.com/7FMQXLb.jpg', 'Оперативна памет (RAM)', 2, 25),
(139, 'Както знаем, основното предназначение на компютърните системи е съхраняването и обработката на информация. При това от особено значение е надеждността – никой не би искал да загуби съхранената информация, за чието създаване са вложени много усилия. Затова трябва да се познават причините, които могат да доведат до загуба на информация, и средствата и методите за защита на информацията. Причините за загуба на информация може да са както хардуерни, така и софтуерни.\r\n\r\n**Твърдите дискове** имат механични движещи се части, които са подложени на износване. Обикновено времето за надеждната им работа е от 3 до 5 години. Разбира се, това не е гарантирано – в зависимост от начина, по който се използват, дисковете могат да работят и десетки години, както и да се повредят много по-бързо. Трябва да се има предвид, че на срока на годност оказват влияние както времето, през което твърдите дискове са включени, така и броят на включванията и изключванията.\r\n**Твърдотелните запомнящи устройства** – SSD и USB-Flash памети, нямат механични движещи се части. Техният срок на годност е неколкократно по-голям от този на твърдите дискове. Ако тези носители се използват за архивни цели, като не работят непрекъснато, а само при нужда, те могат да съхраняват информация и значително по-дълго време.\r\n**Оптичните дискове** доскоро се смятаха за по-надеждни. Теоретично те би трябвало да съхраняват информацията повече от 100 години. На практика обаче това не е така. Записваемите (RW) дискове обикновено имат срок на годност до 15 – 20 години, а фабрично записаните – малко повече. Причините за този намален срок са компромиси при технологията на изработване с цел намаляване на цената. От голямо значение за надеждността е начинът на съхранение на дисковете. Ултравиолетовите лъчи, влагата, температурата и механичните повреди могат да унищожат записаната информация. Основният начин за защита на информацията е архивирането ѝ. Най-лесно това може да стане, като най-ценната информация периодично се записва на няколко места. Най-често това са външни носители, които не са включени непрекъснато. Има и методи за автоматично архивиране. Повечето от съвременните дънни платки поддържат технологията RAID. При нея няколко независими носителя (твърди дискове или SSD) са конфигурирани така, че работят като един общ масив за данни. В зависимост от начина, по който е конфигурирана RAID системата, може да се повиши или производителността, или надеждността на съхранение на информацията. Причината за загуба на информация може да бъде и софтуерна. Това би могло да се дължи както на погрешни действия на потребителя (случайно изтриване на файлове или форматиране на носители), така и да е следствие от активизиране на вредоносен софтуер (Malware, malicious software). В зависимост от начина на заразяване и пораженията, които нанася, вредоносният софтуер може да се раздели на няколко вида.\r\n**Компютърните вируси** се характеризират с възможността си да се „размножават“, като най-често заразяват изпълнимите (. exe, . com) файлове. При това заразените файлове от своя страна имат възможност да заразяват други файлове. Така вирусите се разпространяват много бързо. Активирането на вируса става след определени действия на потребителя, например стартиране на заразена програма. **Червеите** са разновидност на компютърните вируси. Те могат да заразят компютъра и без да са активирани от действия на потребителя. Това ги прави особено опасни. Най-често червеите проникват в компютъра чрез компютърните мрежи. Вирусите и червеите могат да нанасят различни по тежест поражения. Някои от тях са направени от програмисти, които искат да демонстрират своя професионализъм. Понякога тези вируси са относително безвредни – те само показват на екрана различни съобщения или забавят работата на компютъра. По-опасни са вирусите, които унищожават или зашифроват (криптират) потребителски данни. При това някои от тях не започват вредоносните си действия веднага, а изчакват известно време, докато вирусът зарази възможно повече файлове.', NULL, 1, 26),
(140, 'https://i.imgur.com/f1Twk6y.jpg', 'Твърд диск', 2, 26),
(141, 'https://i.imgur.com/JQdBGX4.jpg', 'Твърдотелно запомнящо устройство (SSD)', 2, 26),
(142, 'https://i.imgur.com/T2s5A8m.jpg', 'Оптични дискове', 2, 26),
(143, 'В създаването на игрални или документални филми участват специалисти с различни професии. Сценаристът подготвя сценарий, в който е описано съдържанието на филма. Операторът заснема отделни епизоди, които по-късно се свързват в едно цяло от монтажиста. Режисьорът наблюдава и ръководи процеса на създаване на филма.\r\nПървите кинофилми са били заснемани на филмова лента. Монтажът се е извършвал с рязане и залепване на отделни парчета от лентата. Съвременните компютри позволяват да се извършва монтаж на видеоклипове със специални компютърни програми – видеоредактори. Така всеки може да създава свои филми или клипове, като изпълнява ролята на сценарист, оператор, режисьор, монтажист.\r\nФилмите, видеоклиповете, компютърната анимация съдържат последователност от бързо сменящи се статични кадри(frames). Понятието кадър има и друго значение. В киното кадър се нарича кратка завършена сцена с продължителност най-често от няколко секунди до няколко минути. Видеоклиповете съдържат голямо количество визуална и звукова информация, която трябва да се показва в реално време. За да може това да става и на по-бавни компютри и за да се намали обемът на файловете, се използва компресия, най-често със загуба на качество. Разработени са много видове алгоритми за компресиране и декомпресиране и непрекъснато се появяват нови.\r\nWindows не поддържа всички видове компресия, затова е необходимо периодично да се инсталират допълнителни програми за компресиране и декомпресиране – кодеци(codecs). Разработени са кодеци за компресия както на изображението, така и на звука.\r\nПри запис на видеоклип във файл трябва да се изберат няколко параметъра:\r\n**Брой пиксели** в кадъра. Най-често използваните стойности са 1920x1080 (1080p, full HD) и 1280x720 (720p, HD).\r\n**Честота на повторение** на кадрите (Frame rate). Измерва се в кадри в секунда (fps). Обикновено е от 24 до 30 fps.\r\n**Скорост на предаване на данните (Bit rate).** Зависи от вида и степента на компресия. Измерва се в битове за секунда (bps). За непрофесионални цели са подходящи стойности от 500 Kbps до 25 Mbps.\r\n**Вид на компресията за видеоканала.** Видът на компресията се определя от използвания видеокодек. Най-разпространени са Microsoft Video, H.264, MPEG2, MPEG4, QuickTime Video, DivX.\r\n**Вид на компресията за аудиоканала.** Най-разпространените аудиокодеци са AAC, AC3, FLAC, MP3, Vorbis, Windows Media Audio.\r\n**Файлов формат** – avi, mp4, wmv, mov, mpg, flv и много други. Повечето от файловите формати позволяват да се използват различни кодеци.', NULL, 1, 27),
(144, 'https://i.imgur.com/8qbbfdg.jpg', 'Фигура 1', 2, 27);

-- --------------------------------------------------------

--
-- Table structure for table `lesson_content_type`
--

CREATE TABLE `lesson_content_type` (
  `id` int(10) NOT NULL,
  `type` varchar(20) NOT NULL
) ENGINE=InnoDB DEFAULT CHARSET=utf8 COLLATE=utf8_general_ci;

--
-- Dumping data for table `lesson_content_type`
--

INSERT INTO `lesson_content_type` (`id`, `type`) VALUES
(1, 'Текст'),
(2, 'Изображение'),
(3, 'Видеоклип'),
(4, 'Аудиоклип');

-- --------------------------------------------------------

--
-- Table structure for table `question`
--

CREATE TABLE `question` (
  `id` int(10) NOT NULL,
  `question` varchar(255) NOT NULL
) ENGINE=InnoDB DEFAULT CHARSET=utf8 COLLATE=utf8_general_ci;

--
-- Dumping data for table `question`
--

INSERT INTO `question` (`id`, `question`) VALUES
(1, 'С какво е известен Христофор Колумб?'),
(2, 'С какво е известен Вашку да Гама?'),
(3, 'С какво е известен Фернандо Магелан?'),
(4, 'Какво изучава географията?'),
(5, 'Какво е хоризонт?'),
(6, 'Кои са методите за ориентиране?'),
(7, 'Какво е линия на хоризонта?');

-- --------------------------------------------------------

--
-- Table structure for table `question_answer`
--

CREATE TABLE `question_answer` (
  `id` int(10) NOT NULL,
  `question_id` int(10) NOT NULL,
  `answer_id` int(10) NOT NULL,
  `is_correct` tinyint(1) NOT NULL DEFAULT 0
) ENGINE=InnoDB DEFAULT CHARSET=utf8 COLLATE=utf8_general_ci;

--
-- Dumping data for table `question_answer`
--

INSERT INTO `question_answer` (`id`, `question_id`, `answer_id`, `is_correct`) VALUES
(1, 1, 2, 1),
(2, 1, 3, 0),
(3, 1, 4, 0),
(4, 2, 4, 0),
(5, 2, 2, 0),
(6, 2, 3, 1),
(7, 3, 2, 0),
(8, 3, 4, 1),
(9, 3, 3, 0),
(10, 4, 6, 0),
(11, 4, 5, 1),
(12, 4, 7, 0),
(13, 5, 10, 0),
(14, 5, 9, 0),
(15, 5, 8, 1),
(16, 7, 8, 0),
(17, 7, 10, 1),
(18, 7, 9, 0),
(19, 6, 11, 1),
(20, 6, 12, 0),
(21, 6, 13, 0);

-- --------------------------------------------------------

--
-- Table structure for table `subject`
--

CREATE TABLE `subject` (
  `id` int(10) NOT NULL,
  `name` varchar(50) NOT NULL,
  `grade_id` int(10) NOT NULL
) ENGINE=InnoDB DEFAULT CHARSET=utf8 COLLATE=utf8_general_ci;

--
-- Dumping data for table `subject`
--

INSERT INTO `subject` (`id`, `name`, `grade_id`) VALUES
(1, 'География и икономика', 1),
(2, 'История и цивилизации', 1),
(3, 'Информационни технологии', 1),
(4, 'География и икономика', 2),
(5, 'История и цивилизации', 2),
(6, 'Информационни технологии', 2),
(7, 'География и икономика', 3),
(8, 'История и цивилизации', 3),
(9, 'Информационни технологии', 3);

--
-- Indexes for dumped tables
--

--
-- Indexes for table `answer`
--
ALTER TABLE `answer`
  ADD PRIMARY KEY (`id`);

--
-- Indexes for table `exam`
--
ALTER TABLE `exam`
  ADD PRIMARY KEY (`id`),
  ADD KEY `subject_id` (`subject_id`);

--
-- Indexes for table `exam_question_answer`
--
ALTER TABLE `exam_question_answer`
  ADD PRIMARY KEY (`exam_id`,`qa_id`),
  ADD KEY `qa_id` (`qa_id`),
  ADD KEY `exam_id` (`exam_id`);

--
-- Indexes for table `grade`
--
ALTER TABLE `grade`
  ADD PRIMARY KEY (`id`);

--
-- Indexes for table `lesson`
--
ALTER TABLE `lesson`
  ADD PRIMARY KEY (`id`),
  ADD KEY `subject_id` (`subject_id`);

--
-- Indexes for table `lesson_content`
--
ALTER TABLE `lesson_content`
  ADD PRIMARY KEY (`id`),
  ADD KEY `content_type_id` (`content_type_id`,`lesson_id`),
  ADD KEY `lesson_id` (`lesson_id`);

--
-- Indexes for table `lesson_content_type`
--
ALTER TABLE `lesson_content_type`
  ADD PRIMARY KEY (`id`);

--
-- Indexes for table `question`
--
ALTER TABLE `question`
  ADD PRIMARY KEY (`id`);

--
-- Indexes for table `question_answer`
--
ALTER TABLE `question_answer`
  ADD PRIMARY KEY (`id`),
  ADD KEY `question_id` (`question_id`,`answer_id`),
  ADD KEY `answer_id` (`answer_id`);

--
-- Indexes for table `subject`
--
ALTER TABLE `subject`
  ADD PRIMARY KEY (`id`),
  ADD KEY `grade_id` (`grade_id`);

--
-- AUTO_INCREMENT for dumped tables
--

--
-- AUTO_INCREMENT for table `answer`
--
ALTER TABLE `answer`
  MODIFY `id` int(10) NOT NULL AUTO_INCREMENT, AUTO_INCREMENT=14;

--
-- AUTO_INCREMENT for table `exam`
--
ALTER TABLE `exam`
  MODIFY `id` int(10) NOT NULL AUTO_INCREMENT, AUTO_INCREMENT=2;

--
-- AUTO_INCREMENT for table `grade`
--
ALTER TABLE `grade`
  MODIFY `id` int(10) NOT NULL AUTO_INCREMENT, AUTO_INCREMENT=4;

--
-- AUTO_INCREMENT for table `lesson`
--
ALTER TABLE `lesson`
  MODIFY `id` int(10) NOT NULL AUTO_INCREMENT, AUTO_INCREMENT=28;

--
-- AUTO_INCREMENT for table `lesson_content`
--
ALTER TABLE `lesson_content`
  MODIFY `id` int(10) NOT NULL AUTO_INCREMENT, AUTO_INCREMENT=145;

--
-- AUTO_INCREMENT for table `lesson_content_type`
--
ALTER TABLE `lesson_content_type`
  MODIFY `id` int(10) NOT NULL AUTO_INCREMENT, AUTO_INCREMENT=5;

--
-- AUTO_INCREMENT for table `question`
--
ALTER TABLE `question`
  MODIFY `id` int(10) NOT NULL AUTO_INCREMENT, AUTO_INCREMENT=8;

--
-- AUTO_INCREMENT for table `question_answer`
--
ALTER TABLE `question_answer`
  MODIFY `id` int(10) NOT NULL AUTO_INCREMENT, AUTO_INCREMENT=22;

--
-- AUTO_INCREMENT for table `subject`
--
ALTER TABLE `subject`
  MODIFY `id` int(10) NOT NULL AUTO_INCREMENT, AUTO_INCREMENT=10;

--
-- Constraints for dumped tables
--

--
-- Constraints for table `exam`
--
ALTER TABLE `exam`
  ADD CONSTRAINT `exam_ibfk_1` FOREIGN KEY (`subject_id`) REFERENCES `subject` (`id`) ON DELETE CASCADE ON UPDATE CASCADE;

--
-- Constraints for table `exam_question_answer`
--
ALTER TABLE `exam_question_answer`
  ADD CONSTRAINT `exam_question_answer_ibfk_1` FOREIGN KEY (`qa_id`) REFERENCES `question_answer` (`id`) ON DELETE CASCADE ON UPDATE CASCADE,
  ADD CONSTRAINT `exam_question_answer_ibfk_2` FOREIGN KEY (`exam_id`) REFERENCES `exam` (`id`) ON DELETE CASCADE ON UPDATE CASCADE;

--
-- Constraints for table `lesson`
--
ALTER TABLE `lesson`
  ADD CONSTRAINT `lesson_ibfk_1` FOREIGN KEY (`subject_id`) REFERENCES `subject` (`id`) ON DELETE CASCADE ON UPDATE CASCADE;

--
-- Constraints for table `lesson_content`
--
ALTER TABLE `lesson_content`
  ADD CONSTRAINT `lesson_content_ibfk_1` FOREIGN KEY (`lesson_id`) REFERENCES `lesson` (`id`) ON DELETE CASCADE ON UPDATE CASCADE,
  ADD CONSTRAINT `lesson_content_ibfk_2` FOREIGN KEY (`content_type_id`) REFERENCES `lesson_content_type` (`id`) ON DELETE CASCADE ON UPDATE CASCADE;

--
-- Constraints for table `question_answer`
--
ALTER TABLE `question_answer`
  ADD CONSTRAINT `question_answer_ibfk_1` FOREIGN KEY (`question_id`) REFERENCES `question` (`id`) ON DELETE CASCADE ON UPDATE CASCADE,
  ADD CONSTRAINT `question_answer_ibfk_2` FOREIGN KEY (`answer_id`) REFERENCES `answer` (`id`) ON DELETE CASCADE ON UPDATE CASCADE;

--
-- Constraints for table `subject`
--
ALTER TABLE `subject`
  ADD CONSTRAINT `subject_ibfk_1` FOREIGN KEY (`grade_id`) REFERENCES `grade` (`id`) ON DELETE CASCADE ON UPDATE CASCADE;
COMMIT;

/*!40101 SET CHARACTER_SET_CLIENT=@OLD_CHARACTER_SET_CLIENT */;
/*!40101 SET CHARACTER_SET_RESULTS=@OLD_CHARACTER_SET_RESULTS */;
/*!40101 SET COLLATION_CONNECTION=@OLD_COLLATION_CONNECTION */;
